text,department,urgency
VPN intermittently disconnects during remote work. Connections drop every 20–30 minutes while on client calls. Please review VPN logs and stability for my profile.,IT Support,Medium
"Request to map departmental research share. I need read/write access to the Biology research drive.
The path in the wiki returns “Access Denied.”
Could you confirm my group membership and map the drive?
No elevated privileges required.",IT Support,Low
"Canvas submission blocked by SSO loop. Right before deadline, sign-in passes then loops to login again. Tried different browsers and cleared cache.
Please break the loop or provide a temporary bypass.
This is time-critical for my grade.",IT Support,High
"MATLAB license request for course project. I need MATLAB installed with the university license.
Could you assist with activation on a managed laptop?",IT Support,Low
"OneDrive for Education sync conflicts across lab and office PCs. Edits on the lab machine create “conflicted copy” when opened in my office.
I reinstalled the client and cleared cache; issue persists.
Version history shows parallel edits despite single-user workflow.
Please review client version, throttling, and campus network egress.
Preserving version history is important for compliance.
Happy to share log files and affected folder IDs.
Kindly propose a safe clean-up process.",IT Support,Medium
"Library printer queue stuck at “Processing”. Jobs appear in the queue but nothing prints.
I restarted the spooler and re-added the printer.
Toner and paper are full.
Please check device status and backend print server.",IT Support,Medium
"MFA reset needed after phone replacement. Authenticator app on new device not recognized.
Urgent reset required to access email and LMS.

",IT Support,High
Trackpad lag on loaner laptop. Pointer stutters especially when Zoom is open. I updated drivers and toggled precision settings. It’s making note-taking oddly frustrating. Any recommended fixes?,IT Support,Low
SharePoint course folder permission missing after enrollment. I enrolled yesterday; folder link says I lack permission. Classmates can open it fine. Signed out/in and tried different browsers. TA verified my email is on the list. Still blocked with the same error. Could you grant access so I can download lab files? I’m catching up on lectures.,IT Support,Medium
Software Center installs failing with generic error. Several updates show retry without details. Please push remediation or advise steps.,IT Support,Low
Teams audio device not detected before thesis defense. Headset shows in system settings but not in Teams. Checked privacy permissions and drivers. Defense starts in an hour—please assist urgently. Policy refresh or workaround needed.,IT Support,High
SSL warning on internal faculty dashboard. Browser reports certificate name mismatch. Peers report identical interstitial warnings. Is this a renewal delay or misconfiguration? Please confirm SAN entries and chain trust. Provide guidance if pinning affects clients. A short post-incident note would help. Prefer resolution before grade submission week.,IT Support,Medium
"Request for lightweight image editor on lab PC. I only need crop/resize for a class assignment. If there’s a standard tool, please deploy to my profile. Open-source is fine. No admin rights necessary if via portal.",IT Support,Low
Proxy blocks vendor documentation site. Docs subdomain is categorized incorrectly. Please review and allow if appropriate.,IT Support,Medium
Reported phishing – fake bursar notice targeting students. Email requests payment via a suspicious external portal. I did not click links; others may have received it. Please initiate campus-wide alert and filter updates. Headers available for analysis. Kindly confirm incident response steps. Time-sensitive to prevent credential theft. Appreciate quick action.,IT Support,High
Brightness hotkeys stopped after update. Display is stuck too bright in lecture halls. Please help restore hotkey functionality.,IT Support,Low
Power BI workspace Contributor access request. Need to publish departmental dashboards. Read-only currently blocks refresh and edits. Please add my account to the correct security group. Workspace ID ready to share.,IT Support,Medium
"Exam portal times out on campus Wi‑Fi, works on hotspot. Sign-in spins indefinitely on eduroam. Cleared cache; tried multiple browsers. Exam closes in 45 minutes. Please fix routing or provide an immediate workaround.",IT Support,High
"Scheduled script misses run when laptop sleeps. Task is set for 3 a.m. local time. If the laptop sleeps, it never catches up. “Wake the computer” seems ineffective. Is there a recommended policy for this? Could this run on a server instead? Looking for reliability, not urgent. Thanks for best-practice guidance.",IT Support,Low
Webcam turns off randomly during Zoom seminars. Camera disconnects mid-call and won’t reconnect. It’s awkward in presentations—please advise.,IT Support,Medium
"New RA onboarding: bundle of standard academic tools. Research assistant starts Monday. Please provision accounts, licenses, and MFA. SharePoint and Git access aligned with project. Asset tag to follow.",IT Support,Low
SIS login failing for multiple faculty members. Authentication errors began this morning. Message shows invalid SSO token. Cache/cookie clears did not help. Please check IdP health and federation trust. Provide ETA and any workaround. This blocks grading submissions. Escalation requested.,IT Support,High
Library printer shows “quota exceeded” unexpectedly. I printed very little this month. Could you review and reset my quota?,IT Support,Medium
Outlook search misses recent messages. I can see them manually but search finds nothing. Index rebuild didn’t help; it slows me down. Open to a profile recreation if needed. Please advise a reliable fix.,IT Support,Low
Restore request – deleted lab dataset folder. A research folder was removed from the network share today. Please restore from last night’s backup. Needed for an IRB review this afternoon. Path and timestamp available.,IT Support,High
BSODs started after recent driver bundle. Blue screen roughly once per day. Event Viewer indicates driver power state failure. Display driver rollback did not fix it. Please advise stable driver versions or rollback plan. Memory/disk diagnostics passed. Logs are available. Moderate recurring impact.,IT Support,Medium
Temporary admin rights for approved research tool. Need same-day install of a vendor SDK. Approval attached; please assign JIT elevation.,IT Support,Low
"Wi‑Fi drops in auditorium during live guest lecture. Signal reads strong, yet connection resets intermittently. Audience can’t view shared content when it drops. Please stabilize access points—currently disruptive. Live session in progress.",IT Support,High
"Can’t see course Teams channel after being added. Roster shows me enrolled, but the channel is missing. Signed out/in and cleared cache. Peers see it fine. I need this for group assignment planning. Please check policy sync and group membership. Would appreciate a quick fix. Thanks!",IT Support,Medium
Legacy web app only works in IE mode. Buttons don’t render in Chrome. Edge IE mode works but prompts repeatedly. Can you confirm recommended settings? We’ll document for the department.,IT Support,Low
"Ransomware alert on shared research drive. Endpoint security flagged mass renames. The suspected workstation was isolated. Request incident response engagement and scoping. Validate signatures and protect affected shares. Backups confirmed last week—need restore readiness. Status updates every 30 minutes, please. High impact to research continuity.",IT Support,High
External monitor flickers at 60 Hz in lab. Noticeable flicker causing eye strain. Any driver or refresh rate fix?,IT Support,Medium
Access to campus research SSID requested. Approved for a research group. MAC address available if needed. Please grant access to run measurements. Thank you!,IT Support,Low
Build server offline – CI failing for capstone teams. All builds queued with no agents available. Portal times out after restart. Blocks deployment to staging. Urgent attention requested.,IT Support,High
Send-as permission for departmental mailbox. Our staff needs send-as for the advising mailbox. Read-only at present is insufficient. Please grant via security group rather than individuals. Audit trail is maintained. Confirmation upon completion appreciated. No time-critical impact. Thank you.,IT Support,Low
Password about to expire without prompts. Not receiving expiry notices as usual. Please push reset or extend grace period.,IT Support,Medium
Lab PCs rejecting logins during scheduled practical. Multiple students can’t sign in to desktops. Error: “User Profile Service failed the sign-in.” Practical begins in 30 minutes. Tried alternate stations—same error. Please refresh the profile service and reimage if needed. Any immediate workaround is appreciated. Time-sensitive for the course.,IT Support,High
Calendar time-zone mismatch for cross-campus meetings. Invitees see incorrect times on recurring events. It’s caused a few missed sessions. Could someone verify DST and policy handling? Sample events available.,IT Support,Low
Renew expiring certificate for internal app. Monitoring shows the cert expires in 10 days. Please renew and deploy across environments. Include intermediate chain validation. Kindly confirm completion.,IT Support,Medium
SSO down for student services portal. Students cannot sign in; enrollment impact likely. Please check IdP status and recent changes.,IT Support,High
Headset not recognized on library desktops. USB headset lights up but no audio. Any quick policy or driver fix?,IT Support,Low
AutoCAD sluggish after lab image update. Large drawings now take minutes to pan/zoom. Disabling hardware acceleration didn’t help. GPU drivers appear current. Please suggest stable versions or configs. Deadlines are approaching; this stresses the workflow. Logs available if needed. Thanks for your help.,IT Support,Medium
Distribution list ownership change request. Assign primary ownership to the department lead. Enable moderation for external senders. No immediate urgency. We’ll update documentation.,IT Support,Low
"Proctoring tool crashes during camera check. App closes after verifying webcam. Reinstall didn’t help and I’m mid-exam window. Please provide a stable build or workaround. Urgent, please.",IT Support,High
RDP client error 0x204 to VDI gateway. Connection fails after credentials. Kindly review gateway or policy changes.,IT Support,Medium
Persistent coil whine on assigned laptop. There’s a high-pitched tone under light load. Not critical but distracting in quiet study rooms. Temperatures and performance are normal. Is a replacement warranted? BIOS and firmware updated already. Open to testing another power adapter. Thanks for reviewing.,IT Support,Low
Git repo access with LFS objects blocked. Can clone code but LFS files deny access. Please add me to the LFS-enabled group. This blocks reproducing builds. Repo name available.,IT Support,Medium
Production API throttled after WAF change. Clients receive HTTP 429 across endpoints. Suspect new rate limit policy. Please confirm limits and burst behavior. Funding portal calls are throttled. Need rollback or higher quotas ASAP. We’ll adjust client backoff accordingly. ETA requested.,IT Support,High
Projector not detected via HDMI in seminar room. Cable works on a different laptop. My device mirrors briefly then disconnects. Any recommended adapter or driver? Weekly seminars depend on this.,IT Support,Low
Teams notifications randomly silent. Missing mentions causes confusion in group work. Any stable fix would help.,IT Support,Medium
Security alert – unfamiliar login to student email. Alert shows sign-in from another region. Password changed immediately. Please review account activity and enforce sign-out. MFA policy check requested.,IT Support,High
"Keyboard intermittently repeats keys. “E” and “Backspace” repeat occasionally. Causes frequent typos. Cleaned keycaps and updated firmware. If covered, can we arrange a keyboard swap? Not urgent, but inconvenient. I can visit the service desk. Thanks.",IT Support,Low
"Adobe license shows expired despite portal assignment. Acrobat Pro won’t open PDFs. Portal says “License assigned,” app disagrees. Please resync the license. Need to edit a submission today.",IT Support,Medium
Guest access request for shared site. External collaborator needs two-week access. Enable sharing for the specific library only.,IT Support,Low
Critical spreadsheet corrupted after sync. Workbook opens with a corruption error. Auto-save shows multiple conflicting versions. Urgently need a clean version restored. Please check revision history and backups. Due today for committee review. Exact path and timestamps available. Thank you for fast recovery.,IT Support,High
Proxy authentication prompts hourly. Frequent prompts interrupt workflow. Please review SSO session lifetimes.,IT Support,Medium
Accessibility tools disabled on lab image. Narrator and high-contrast are unavailable. I rely on them for reading/navigation. Is there an accessibility profile you can enable? I can use a designated station if needed. Not urgent but important. Please advise the approved process. Thanks for supporting accessibility.,IT Support,Low
VPN split tunneling misroutes cloud storage. Cloud drive is very slow unless VPN is off. Impacts large file sync for coursework. Please review split routes and DNS. High priority due to deadlines.,IT Support,High
Web sessions sign out too quickly. Forms lose data when timeouts hit. Re-entering everything is discouraging. Could SSO stickiness be improved? Any guidance appreciated.,IT Support,Medium
Add me to cybersecurity awareness program. Please include me in monthly simulations. I’d like the training materials.,IT Support,Low
Lab VPN failing during remote proctor setup. Exam requires lab resources via VPN—currently failing. Window opens in 1 hour; urgent help please.,IT Support,High
Jenkins job failing after credential rotation. Logs show expired credentials for artifact storage. Secrets rotated last week per policy. Please update Jenkins credential binding. Builds block integration tests. We need it green for today’s release. I can share credential ID and job name. Confirm once updated.,IT Support,Medium
Mouse pointer vanishes after sleep. I toggle touchpad to bring it back. Minor but breaks flow. Any driver or power setting fix? Thanks!,IT Support,Low
Time sync drift on classroom PC. Clock lags by minutes each day. Causes meeting join issues. Please verify NTP source and policy. Thanks for checking.,IT Support,Medium
Endpoint quarantined during research compute. Security agent isolated my device mid-run. Please review and release if safe.,IT Support,High
BIOS password reset for surplus laptop. Purchased approved surplus device. Need BIOS reset to enable virtualization.,IT Support,Low
Video calls stutter when screen sharing. Audio is fine until sharing starts. Then frames drop and lag appears. Bandwidth tests look strong. This is stressful in presentations. Any GPU scheduling or Teams optimization tips? Happy to run diagnostics. Thanks.,IT Support,Medium
Static IP reservation for lab instrument. We need a reserved IP on the local VLAN. MAC and switch port available. No internet access required. Please advise the process.,IT Support,Low
TA access denied to grading dashboard. I’m assigned as TA but can’t access grading. Students await feedback today. Please add correct role or elevate access. Time-sensitive.,IT Support,High
BitLocker recovery key requested after normal reboot. Unexpected key prompt appeared. Please provide key or explain trigger.,IT Support,Medium
Legacy updater popup on login every day. A legacy prompt appears at each login. Clicking it does nothing useful. Minor but breaks focus daily. Could we remove the startup task or retire the tool? No functional need anymore. Happy to test post-removal. Thanks for the cleanup.,IT Support,Low
Shared mailbox search inconsistent. Searching by sender returns no results intermittently. Other users see the same behavior. Can indexing be rebuilt server-side? Please advise.,IT Support,Medium
Power BI data gateway offline – refresh failures. Scheduled refreshes fail with gateway unreachable. Affects dean’s dashboards. Please restart/restore gateway services. Need ETA for next successful refresh. Kindly share root cause when available. Business-critical. Thank you.,IT Support,High
Join request for student developer Git org. I’m on the course roster. Please add me to the “dev-students” team. Needed for assignment repos. Thanks!,IT Support,Low
VPN disconnects after sleep. Waking the laptop drops the tunnel. Small hassle many times a day.,IT Support,Medium
hello my Z drive is gone today. it was there yesterday. i need my files for the 10am meeting please fix this ASAP. i restarted twice and still nothing.,IT Support,High
Hey can u guys unblock emails from @partner-corp.com? My boss says they sent the contract but I don't see it anywhere. Probably in the spam thing.,IT Support,Low
"I am stuck in a loop. I do the MFA on my phone, it says success, then the website just asks me to log in again. Over and over. I tried Chrome and Safari. My roommate is logged in fine on the same wifi so idk what the deal is. help??",IT Support,Medium
"My computer keeps making a random ""ding"" sound when I'm typing and the keys start acting weird. I think I have a virus or something? It's really annoying during class.",IT Support,Low
"Urgent! The compiler says ""no license found"" for the lab software. I have a deadline tonight and I can’t build my project. Can I get a temporary code or something?",IT Support,High
"Why can't I change my background on Zoom anymore? The button is grey. I'm in a shared house and it's messy behind me, I really need this enabled for privacy.",IT Support,Medium
tablet pen wont connect to the PC in Room 302. it worked last week. i tried clicking the button on the top but nothing happens.,IT Support,Low
"My lecture slides for the faculty presentation just stoped working. It shows the splash screen then disappears. I tried ""safe mode"" like Google said but it didnt help. I'm presenting in 90 minutes. PLEASE HELP ME!!",IT Support,High
i need to see the HR sharepoint for the audit thing. my boss said i should have access for the next two weeks.,IT Support,Medium
"Getting ""insufficient privileges"" on the portal. I did the training last month! Why is it still blocking me? There are no cases yet but I need to make sure I'm ready to go.",IT Support,Low
"My thesis backup failed and says ""quota exceeded."" I literally cannot lose this data. Can you just give me more space for like a week?",IT Support,High
"Every time I switch from my speakers to my Jabra headset, the whole app freezes and I have to Task Manager it. Is there a driver update or something? This is ruining my calls.",IT Support,Medium
We have a bunch of old Teams from the seniors who graduated last year. Can we just archive them all? They're just cluttering up the list.,IT Support,Low
"The webhook for the grading tool is timing out. It started after the ""maintenance window"" last night. I'm seeing TCP resets. Can someone check the firewall rules? It's blocking grade posts.",IT Support,Medium
why is the marketplace timed out? i'm trying to install a python extension on the campus wifi and it just spins.,IT Support,Low
My laptop sounds like a jet engine just reading news articles. No heavy apps open. Is there a fix for this? It’s embarrassing in the library.,IT Support,Low
"Hey, I saw a weird account name in the ""last modified"" section of our research folder. I don't recognize the user. Can you guys check the logs? I'm worried we got hacked.",IT Support,Medium
My VDI session closes every hour on the dot. I'm literally typing and it just disconnects. Takes forever to get back in.,IT Support,Medium
Add me to lab equipment booking calendar. can u add me to the spectrometer booking calendar? i can see it but it wont let me add my name to a slot.,IT Support,Low
Password reset link expired mid-process. I tried to reset my password but the link expired before I could click it. Now I'm locked out of my email right before my tutorial starts. PLS RESET.,IT Support,Low
"SAML assertion too large for vendor integration. I'm getting a ""SAML response exceeds size"" error when trying to log into the vendor portal. Is that a me problem or a system problem?",IT Support,Medium
Decommission unused service account. We don't need the 'auto-bot-01' account anymore. It's for a project that ended. Delete it whenever.,IT Support,Low
Locked out of university Git after losing 2FA device. I lost my phone at the gym and I didn't save my backup codes for Git. I need to submit my assignment by midnight. I have my student ID to prove who I am. HELP.,IT Support,Low
"Conference room console can’t join SIP/H.323 bridge. The console in the conference room wont join the SIP bridge. It just says ""Unable to connect."" We have a big meeting on Friday, need a workaround if it's not fixable.",IT Support,Low
Night Light toggles off after reboot. My screen keeps going bright every time I reboot. I turn on Night Light but it doesn't stay on. My eyes are hurting lol.,IT Support,Low
Broken main door lock in Block C room 214. The latch on my room door snapped this morning and I cannot lock it from the outside. I have expensive lab equipment inside and a lecture to attend. Please send maintenance to replace the lock immediately as I cannot leave my belongings unsecured.,Hostels,High
Electrical sparks coming from the bathroom geyser in Block B. Every time I switch on the water heater there is a loud pop and visible blue sparks. This is a massive fire risk and someone could get electrocuted. I have turned off the mains but this needs an emergency electrician right now.,Hostels,High
Emergency sewage overflow in the ground floor corridor of Girls Hostel Block A. The drains have completely backed up and foul-smelling water is entering the rooms. It is a major health hazard and making the wing uninhabitable. Please dispatch a plumbing team before it ruins more furniture.,Hostels,High
Hostel fee portal error on the final payment day. I have been trying to pay the mess and room charges for three hours but the transaction keeps failing at the final step. Today is the deadline to avoid the heavy late fee and loss of room allotment. I need a manual override or a link that actually works before midnight.,Hostels,High
Security breach near the back entrance of Block D. I saw an unidentified individual wandering near the stairwell who did not have a student ID or a visitor pass. When approached they ran toward the laundry area. We need the security guards to check the perimeter and verify the gate logs immediately.,Hostels,High
Total power outage in Wing 4 during exam week. All the lights and sockets in our wing have been dead since 8 PM while the rest of the building is fine. We have a major end-term paper tomorrow morning and none of our laptops are charged. This is a critical situation for at least 40 students.,Hostels,High
Aggressive behavior from a non-resident in the common room. A person who doesn't live in this hostel is currently in a heated argument with students and refusing to leave. The situation is escalating and might turn into a physical fight. Security needs to intervene at Block E right away.,Hostels,High
Strong smell of gas near the mess kitchen area. While walking past the dining hall I noticed a very thick smell of LPG. This is extremely dangerous given the number of students nearby. Please check the cylinders and kitchen connections before there is an accident.,Hostels,High
"Missing fire extinguisher in the East Wing. I noticed the wall bracket near room 405 is empty. With the recent short circuit incidents in the block, this is a serious safety violation. We need a replacement unit installed before the end of the day.",Hostels,High
Ceiling plaster falling in room 102 of the old block. A large chunk of the ceiling fell onto my study table this morning. If I had been sitting there I would have been seriously injured. The rest of the ceiling looks cracked and ready to collapse. I need an emergency room shift or repair.,Hostels,High
Unauthorized entry into my room while I was at the library. I came back to find my cupboard open and some cash missing from my desk. The window latch appears to have been tampered with from the outside. This is a criminal matter and needs the warden's immediate attention.,Hostels,High
"Continuous water supply cut for over 24 hours in Block F. We have no water for drinking, cleaning, or the washrooms. The hygiene levels are becoming unbearable for everyone in the building. Please fix the pump or arrange for a tanker immediately.",Hostels,High
Severe allergic reaction reported due to pest control spray in Block B. My roommate is having trouble breathing after the maintenance team sprayed the rooms earlier today. We were not given sufficient warning to vacate. We need medical assistance and the room aired out now.,Hostels,High
"Broken window pane in ground floor room 005. Someone threw a ball and shattered the glass completely. Since the room is on the ground floor, anyone can climb in from the garden. I cannot sleep here tonight until it is boarded up or replaced.",Hostels,High
Medical emergency and elevator failure in the high-rise block. A student has fainted on the 8th floor and the only working lift has just jammed. We cannot carry them down the stairs safely. Please get the lift technician and the campus ambulance to the site.,Hostels,High
Infected water from the main cooler in Block C. Multiple students have reported stomach cramps and fever after drinking from the ground floor filter today. The water looks cloudy and needs to be tested and the tank cleaned before more people get sick.,Hostels,High
Stray dogs entering the mess hall and biting incidents. A dog entered the dining area during lunch and bit a student on the leg. This is the third time animals have entered the eating area. We need the gates secured and the student needs help with the medical report.,Hostels,High
Exposed live wires in the laundry room. The insulation on the heavy-duty dryer cable has melted away. Someone using the machine is going to get a shock. This needs to be cordoned off and fixed before the evening rush.,Hostels,High
"Hostel gate closed early preventing entry for lab students. A group of us were working on a project in the CSE lab and arrived 5 mins before curfew, but the guard has locked the gates and is refusing entry. It is raining and we are stuck outside. Please instruct him to let us in.",Hostels,High
Lost my room keys and phone inside the locked room. I am locked out of room 332 and have no way to contact anyone or access my meds which are inside. I need the master key or a locksmith to help me get back in urgently.,Hostels,High
Fumes in the basement of Block G. There is a strange chemical smell coming from the storage area under the stairs. It is making people on the first floor feel dizzy. Please check if there is a chemical leak or something burning.,Hostels,High
Fallen tree blocking the hostel exit. A branch has snapped and is leaning against the main gate of Block B. It is unstable and could fall on anyone trying to leave for their 9 AM exam. Maintenance needs to clear this path immediately.,Hostels,High
Intruder alarm sounding in the girls' wing. The emergency buzzer has been going off for 10 minutes and no warden is visible. We are unsure if we should evacuate or if there is a genuine threat. Please clarify and send security.,Hostels,High
Roommate has locked themselves in and is not responding. I have been knocking for an hour and can hear their alarm going off. I am worried about their health. We need a master key to check on them immediately.,Hostels,High
"Basement flooding near the electrical panel. Heavy rain has caused water to pool around the main circuit breakers for the hostel. If the water level rises another inch, the whole building will short circuit. Need a pump here now.",Hostels,High
Laundry machine malfunction in Block B. Three of the five washing machines have been 'out of order' for over a week now. The queues are getting ridiculous and students are fighting over the remaining two. Please get these repaired as it's been far too long.,Hostels,Medium
"Persistent ant infestation in room 442. I have complained twice to the floor supervisor about the ants coming from the wall cracks. I have kept my food sealed but they are everywhere now. This needs a proper professional pest control treatment, not just a spray.",Hostels,Medium
Poor quality of food in the mess for the last few days. The rotis are consistently burnt and the dal is extremely watery. Several of us have spoken to the mess manager but there has been no improvement in the service. We pay for a balanced diet and this is not it.,Hostels,Medium
Geyser in the second-floor bathroom has been cold since Monday. It's impossible to take a shower in this weather with cold water. I reported it to the caretaker three days ago and he said it would be fixed by Tuesday. It is now Thursday and still no hot water.,Hostels,Medium
Incessant noise from the room above mine late at night. The residents of 305 have been hosting loud gatherings every night this week. I have tried talking to them but they don't listen. It is affecting my sleep and my ability to study for my upcoming internals.,Hostels,Medium
Broken study table chair in room 112. One of the legs of my chair is completely loose and I can't sit on it to do my assignments. I've been using my bed as a desk for four days and it's giving me back pain. Please provide a replacement chair.,Hostels,Medium
Clogged washbasin in the common bathroom. The sink on the left side has been standing with dirty water for two days. It is starting to smell and is very unhygienic for everyone using the washroom. Maintenance needs to clear the blockage.,Hostels,Medium
"Tube light flickering in the balcony area. The light outside my room has started flickering constantly, which makes it very distracting while I'm trying to study. It also attracts a lot of bugs at night. Requesting a bulb replacement.",Hostels,Medium
Shortage of cleaning supplies for the floor cleaners. I noticed the staff is only using water to mop the floors because they ran out of disinfectant days ago. The bathrooms are not being cleaned properly and it's starting to show. Please restock the supplies.,Hostels,Medium
Request for a fan repair in room 201. The ceiling fan is making a very loud grinding noise on high speed. It feels like it might fall or the motor might burn out soon. It's getting too warm to sleep without it. Please have a technician look at it.,Hostels,Medium
"Dampness and mold growth on the North wall. After the rains, a large patch of black mold has appeared in the corner of my room. It is causing a musty smell and I am worried about the air quality. This needs to be cleaned and the wall waterproofed.",Hostels,Medium
"Inaccurate mess billing for the month of September. I was away for two weeks on a sanctioned leave and submitted my mess-off application, yet I have been charged the full amount. I have the approved slip from the warden. Please adjust my balance.",Hostels,Medium
Gym equipment in the hostel basement is poorly maintained. Two of the treadmills have frayed belts and the weights are rusting. It's becoming unsafe for us to use the facility. We would appreciate it if maintenance could oil the machines and check the cables.,Hostels,Medium
"Intermittent internet connectivity in Block E. The signal keeps dropping every 15 minutes, making it impossible to participate in online quizzes or research for our projects. This has been happening for three days. Please check the router on the 3rd floor.",Hostels,Medium
Water cooler filter needs replacement. The water from the dispenser in Block D has a metallic taste lately. The 'change filter' light has been red for a week. Can we get this serviced so we have clean drinking water again?,Hostels,Medium
Curtain rods falling off in the common room. The heavy drapes are sagging because the brackets have come loose from the wall. One side actually fell yesterday and almost hit someone. Please secure them properly.,Hostels,Medium
Request for replacement of a torn mattress. The mattress provided at the start of the semester has a huge rip in the center and the springs are poking through. It is very uncomfortable and I am unable to get a good night's rest. Can I get a new one from the store?,Hostels,Medium
Common room TV remote is missing or broken. We haven't been able to change the channel or adjust the volume for several days. It's a small issue but it makes the space unusable for the evening news or sports. Please provide a new remote.,Hostels,Medium
"Bicycle rack in the parking area is overflowing. There isn't enough space for everyone to park their cycles securely, and people are now locking them to the main fence, which blocks the path. We need an additional rack installed in the Block C parking zone.",Hostels,Medium
"Dustbins in the corridor are not being emptied daily. By the evening, the trash is overflowing onto the floor and attracting flies. The cleaning schedule seems to have changed and it's not working. Please ensure the bins are cleared every morning.",Hostels,Medium
"Mirror in the washroom is cracked. The large mirror above the sinks in the West Wing has a big crack across the middle. It looks like it might shatter if someone bumps into it. For safety reasons, it should be replaced soon.",Hostels,Medium
Suggestion for better lighting in the backyard path. The walkway between the hostel and the mess is very dark after 7 PM. It's easy to trip on the uneven pavement there. Adding a couple of LED lamps would make it much safer for everyone.,Hostels,Medium
Lock on the balcony door is jammed. I can't open the door to air out my room or dry my clothes. It's been stuck for three days now. Please send someone with some lubricant or tools to fix the sliding mechanism.,Hostels,Medium
"Inconsistent hot water timings in the morning. The boilers are supposed to be on from 6 AM to 9 AM, but lately, the water is lukewarm by 8 AM. This is a problem for those of us with later classes. Please ensure the heating cycle is fully completed.",Hostels,Medium
Exhaust fan in the mess is not working. The dining area gets incredibly smoky and hot during lunch hour because the ventilation system isn't clearing the air. It makes eating there very uncomfortable. Please repair the exhaust units.,Hostels,Medium
"Request for window mesh repair. The mosquito netting in my room has a hole in it, and insects are getting in at night. I've tried taping it but it doesn't hold. I would appreciate it if a new mesh could be fitted.",Hostels,Medium
Vending machine in the lobby is eating coins. I tried to buy a snack last night and it took my money without dispensing anything. This has happened to three other students today. The machine needs to be serviced or disabled until fixed.,Hostels,Medium
"Stairwell railing is loose between the 2nd and 3rd floors. The wooden handrail wobbles when you put weight on it. It's a safety hazard, especially when people are carrying heavy laundry bags up and down. Please tighten the brackets.",Hostels,Medium
Water pressure in the showers is very low. It takes forever to wash up because the water just trickles out of the showerheads on the top floor. We think there might be an air lock in the pipes. Could the plumber check the pressure valves?,Hostels,Medium
Wall clock in the study hall has stopped working. It's been stuck at 4:15 for two days. It's helpful to have a working clock during timed practice sessions. Please replace the battery or the clock.,Hostels,Medium
Hostel garden area is overgrown and attracting snakes. The grass hasn't been cut in weeks and it's becoming a bit scary to walk near the hedges at night. We've seen a few large lizards and are worried about snakes. Please send the gardener.,Hostels,Medium
Pigeon droppings in the balcony area. There is a huge mess on the 4th-floor ledge that is attracting flies and smells bad. We need a professional cleaning and maybe some netting to keep the birds away from the residential area.,Hostels,Medium
"Microwave in the pantry is sparking. When I tried to heat my food, I saw sparks inside the unit even though I didn't use any metal. I've unplugged it for safety. It needs to be checked or replaced before someone else uses it.",Hostels,Medium
Library books in the hostel reading room are disorganized. People are leaving them everywhere and the shelves are a mess. We need a proper system or a student coordinator to manage the small collection we have here.,Hostels,Medium
Drinking water tastes like chlorine. The latest batch of water in the Block G cooler has a very strong chemical smell and taste. It's almost undrinkable. Please check if the purification system was over-treated.,Hostels,Medium
Request for more hangers in the drying room. Most of the existing ones are broken or missing. It's a small thing but it would help us manage our laundry better during the busy weekend rush.,Hostels,Low
"Suggestion for a water dispenser on the 3rd floor. Currently, we have to go down to the ground floor every time we need to refill our bottles. Having one on each floor would be much more convenient for the residents.",Hostels,Low
The clock in the mess hall is five minutes fast. It causes a bit of confusion during breakfast when we are trying to catch the early campus shuttle. It would be great if it could be synced with the actual time.,Hostels,Low
Request for a shoe rack near the entrance. A lot of students leave their muddy shoes near the door and it makes the lobby look untidy. A simple wooden rack would help keep the area organized.,Hostels,Low
The common room curtains are very dusty. I think they haven't been laundered in a long time and it's triggering my dust allergy when I sit there. Perhaps they could be cleaned during the next break?,Hostels,Low
Can we get a few more magazines for the reading area? The current selection is quite old and it would be nice to have some updated tech or science journals to browse through during our free time.,Hostels,Low
Suggestion for a mirror in the elevator. It's a small addition but most modern lifts have one and it makes the space feel a bit larger and less cramped when there are many people inside.,Hostels,Low
The paint in the study room is peeling in one corner. It's not a major issue but it makes the room look a bit neglected. It would be nice to have it touched up during the next maintenance cycle.,Hostels,Low
"Can we have a dedicated spot for food delivery pickups? Currently, the delivery drivers just wait at the gate and it gets crowded. A small table near the security post would be a perfect 'delivery drop-off' point.",Hostels,Low
The soap dispensers in the washroom are often empty by Sunday evening. It would be helpful if they could be topped up more generously on Friday to last through the weekend when the cleaning staff is reduced.,Hostels,Low
The lighting in the laundry room is a bit dim. It's hard to see if the clothes are properly cleaned or if there are any stains left. Replacing the current bulb with a brighter LED would be a big help.,Hostels,Low
Request for a bulletin board in Block B. We currently stick all the notices on the walls and it leaves a lot of tape marks. A proper cork board would look much cleaner and hold the posters better.,Hostels,Low
The door to the terrace makes a loud squeaking sound. It's a bit annoying for the students living in the rooms right next to the stairs. A little bit of oil on the hinges should solve it easily.,Hostels,Low
Can we get a few more indoor plants for the lobby? It would make the entrance look more welcoming and improve the atmosphere of the hostel. A few low-maintenance palms would be great.,Hostels,Low
The channel list on the common room TV is missing a few sports networks. We were hoping to watch the upcoming tournament but those channels aren't subscribed. Is it possible to add them to our package?,Hostels,Low
Request for a suggestion box in the mess. It would be easier for students to give feedback on the daily menu if there was a place to drop small notes for the mess committee to review.,Hostels,Low
The whiteboards in the study hall are getting stained and hard to erase. Can we get some proper whiteboard cleaner or a fresh set of markers and erasers for the residents to use?,Hostels,Low
The floor mats at the entrance are quite worn out. They don't really clean our shoes anymore and they slip around on the tiles. It might be time to get some new heavy-duty rubber mats.,Hostels,Low
Could we have more frequent pest control in the garden? There are a lot of grasshoppers and small bugs that fly into the ground floor rooms in the evening. It's a bit of a nuisance when the windows are open.,Hostels,Low
The benches in the courtyard could use a fresh coat of varnish. The wood is starting to look a bit weathered from the sun and rain. It would help preserve them for the coming years.,Hostels,Low
The water pressure in the bidet showers is a bit too high. It's a bit uncomfortable to use. Maybe the valves could be adjusted slightly during the next plumbing check-up?,Hostels,Low
"Request for more power outlets in the study room. Most of us have laptops and chargers, and the current four sockets are always occupied. An extension cord or a power strip would be a great addition.",Hostels,Low
The ceiling fan in the common room is a bit dusty. It's blowing a lot of dust around when it's turned on. It just needs a quick wipe-down by the cleaning staff during their next round.,Hostels,Low
"Can we get a small rack for umbrellas near the gate? During the rainy season, people bring wet umbrellas into the corridor and it makes the floor very slippery. A stand would keep the water at the entrance.",Hostels,Low
"The emergency exit signs are a bit faded. For safety compliance, it might be good to give them a fresh coat of glow-in-the-dark paint so they are clearly visible if the lights ever go out.",Hostels,Low
"The waste bins in the study area don't have lids. It would be better to have lidded bins to prevent any smell or trash from being visible, keeping the study environment more pleasant.",Hostels,Low
Request for a wall-mounted fan in the gym area. The corner with the free weights gets very stuffy because the main AC doesn't reach that spot perfectly. A small fan would make a big difference.,Hostels,Low
The windows in the mess hall are a bit smudgy. It would be nice if they could be cleaned on the outside once in a while so we can see the garden clearly while having our meals.,Hostels,Low
Suggestion for a small 'lost and found' shelf near the warden's office. People often find keys or ID cards and don't know where to leave them. A designated shelf would make it easy to reclaim lost items.,Hostels,Low
The hand dryers in the washroom take a long time to start. There's a bit of a delay with the sensor. It's not a big deal but maybe the sensitivity could be adjusted by the maintenance team.,Hostels,Low
Can we have a bike pump available at the security desk? Many of us cycle to class and it's a hassle to go to the main gate every time we need to check the tire pressure. A basic hand pump would be enough.,Hostels,Low
The music in the mess hall is sometimes a bit too loud during breakfast. It's hard to have a quiet conversation before heading to a 9 AM lecture. Maybe the volume could be kept a bit lower in the mornings?,Hostels,Low
Request for better signage for the different blocks. Visitors often get confused between Block A and Block B because the letters on the buildings are small and hard to read from the road.,Hostels,Low
The tiles in the laundry area are a bit uneven. It doesn't cause any major issues but you have to be careful when walking with a heavy basket. Maybe they can be leveled during future renovations.,Hostels,Low
"Can we get a few more newspapers for the common room? Currently, we only get one copy of the local paper and it's usually taken by 8 AM. Having a second copy or a national daily would be great.",Hostels,Low
The coat hooks in the bathroom are a bit loose. I'm worried they might fall off if I hang a heavy towel on them. They just need a quick tightening with a screwdriver.,Hostels,Low
Suggestion for a small bookshelf in the lobby for 'book crossing'. Residents could leave books they've finished reading for others to pick up. It would be a nice community feature for the hostel.,Hostels,Low
The doorbell for the warden's residence is very quiet. Sometimes people have to knock very loudly to get an answer. A slightly louder buzzer would be more effective for student inquiries.,Hostels,Low
The lighting in the parking lot has a yellow tint that is a bit dim. Switching to white LED bulbs would make it much easier to find our vehicles and see the locks at night.,Hostels,Low
Request for a few more dustbins in the backyard. People often hang out there in the evening and there's nowhere to throw small wrappers or bottles. One or two extra bins would help keep the grass clean.,Hostels,Low
LMS portal crashed ten minutes before the final project submission deadline. My entire group has been trying to upload our documentation and source code for the last hour but the server keeps timing out. This project is worth 40% of our final grade and the portal is supposed to close at midnight. We need an immediate extension or an alternative email address to send our files.,Academics,High
"Major discrepancy in my end-term marks for Data Structures. The portal shows I have failed the course, but I calculated my internals and they were well above the passing threshold. I suspect my paper was swapped or there was a massive data entry error at the controller’s office. I need to see my evaluated script immediately before the re-registration window closes tomorrow.",Academics,High
Clash in the final exam schedule for two core subjects. Both Operating Systems and Database Management are scheduled for tomorrow morning in the same time slot. I have raised this with the department clerk twice this week but the hall ticket still shows both. I cannot miss either exam as it will result in a year back. Please resolve this conflict and update my schedule now.,Academics,High
"Scholarship verification link is expiring today and my documents are still 'pending' at the HOD office. If the department doesn't digitally sign the verification by 5 PM, I will lose my funding for the next semester and won't be able to pay the tuition. I am standing outside the office but no one is available to help. This is time-critical for my education.",Academics,High
"Professor is refusing to accept my medical certificate for a missed mid-sem. I was hospitalized during the exam and have provided all the official hospital discharge papers and doctor's notes, but the instructor says he has already submitted the marks to the portal. I need the Academic Dean to intervene so I can sit for a make-up test before the semester ends.",Academics,High
"Incorrect grade assigned due to a clerical error in the mark sheet. My internal marks for the lab component were recorded as 0 out of 30, even though I attended every session and submitted all reports. This error has dropped my CGPA significantly, affecting my eligibility for the upcoming placement drive starting on Monday. Please fix the records urgently.",Academics,High
"The proctoring software for my online certification exam is failing to recognize my ID. I am currently in the 15-minute login window and if I don't get in now, the exam will be marked as a forfeit. I have tried three different browsers and restarted my system. I need a bypass code or technical support immediately to save my exam attempt.",Academics,High
Missing hall ticket for the external practicals starting tomorrow. My name is missing from the eligibility list even though I have no dues and 85% attendance. The lab assistant says he cannot let me perform the experiments without the official slip. Please verify my status and issue the hall ticket before the 9 AM batch starts.,Academics,High
"Final year thesis portal is not accepting the 'Turnitin' report. Every time I upload, it says 'Service Unavailable' but the deadline for the final submission is this evening. Without this report, my thesis won't be sent for external evaluation. I need the IT coordinator to reset my submission link or verify the server status immediately.",Academics,High
Wrong question paper distributed during the current minor exam. We are sitting in the hall for 'Theory of Computation' but the paper provided is for 'Compiler Design'. The invigilator is not allowing us to leave or talk. This is wasting our limited time and causing immense stress. Someone from the academics cell needs to bring the correct papers now.,Academics,High
"Digital signature failed on my provisional degree certificate. I need this document for a visa interview scheduled for tomorrow morning. The copy I downloaded has an 'Invalid' watermark on the university seal. I need a corrected, verified PDF sent to my registered email within the next hour.",Academics,High
"Attendance portal shows 'Shortage' despite attending all remedial classes. I was told these extra sessions would clear my debarment, but the system hasn't updated and I am being blocked from downloading my end-term admit card. The exams start the day after tomorrow. I need a manual override from the department head.",Academics,High
"Credit transfer from my MOOC course was rejected without reason. I completed the NPTEL certification as per the university guidelines to replace a core elective. Today is the last day to finalize credits for the graduation list. If this isn't added, I won't have enough credits to graduate this year. Urgent review requested.",Academics,High
"The lab evaluation for the afternoon batch was cancelled due to a power cut but the marks have been uploaded as 'Absent'. We were told the viva would be rescheduled, but the portal is already finalized. We need the marks removed and the session rescheduled before the internal marks are frozen tonight.",Academics,High
SSO login loop preventing access to the course selection portal. The elective registration opened at 10 AM and the popular courses are filling up in minutes. I am stuck on the login screen while my peers are already finishing their selections. This is unfair and I need my account access restored before all seats are gone.,Academics,High
"Harassment from a faculty member during the viva-voce. The examiner was making personal comments and used unprofessional language, then threatened to fail me regardless of my answers. I want to lodge a formal complaint and request a re-evaluation with a different panel before the results are finalized.",Academics,High
Plagiarism flag on a completely original assignment. The software claims 90% similarity with a paper that doesn't exist. The professor has given me a 'zero' and reported me to the disciplinary committee. I have a hearing tomorrow and I need the raw log files from the academic server to prove it was a system glitch.,Academics,High
"University email account deactivated during the job application window. I am expecting interview invites and test links on my student ID, but I can't log in. This is the peak of placement season and being locked out for even a day could cost me a job. Please reactivate the account immediately.",Academics,High
"Payment for the backlog exam was deducted but the status is still 'Unpaid'. The registration portal closes in two hours. If I don't get the confirmation, I won't be able to sit for the carry-over paper this semester. I have the bank transaction ID and need a manual update to my profile.",Academics,High
Course coordinator changed the project requirements 24 hours before the submission. We have spent two months on the original brief and it is impossible to redo the entire architecture in one day. This will lead to a mass failure for the entire batch. We need the original rubric restored or a one-week extension.,Academics,High
"Lost my physical answer script for the internal test. The teacher says she doesn't have it, but I signed the attendance sheet in the exam hall. I refuse to take a zero for a mistake made by the department. We need to find the paper or allow me a retest with full marks potential.",Academics,High
Calculated SGPA on the result portal is mathematically incorrect. It shows a 6.5 when it should be an 8.2 based on the grades displayed. This is a critical error in the portal's logic that is affecting the entire branch's ranking. Please pause the results and recalculate before the official transcripts are printed.,Academics,High
The link for the online end-term viva is not working. There are 20 students waiting in the virtual lobby but the external examiner is not present and the link says 'Meeting Ended'. This was our only chance to finish the lab component. We need a new link and a status update now.,Academics,High
"Security token for the academic portal is not being sent to my phone. I need to register for the supplementary exams by tonight. Without the OTP, I can't even enter the site. I've tried multiple times and checked my network. Please send the code to my email instead.",Academics,High
Degree name is misspelled on the final convocation list. It says 'BTech CSE' instead of 'BTech CSE (AI & ML)'. I have paid for the specialized degree and this must be corrected before the certificates go to print this afternoon.,Academics,High
"The reference books mentioned in the syllabus are not available in the central library. There is only one copy for a batch of 120 students, and it has been issued for the last month. We have a research paper due next week and cannot complete the bibliography. Please order more copies or provide an e-book link.",Academics,Medium
Inconsistency in the lecture schedule for the third-floor seminar hall. Sometimes the class is moved to a different block without any notice on the portal or the notice board. We waste 15 minutes of the lecture just wandering around looking for the professor. Can we have a stabilized timetable?,Academics,Medium
The microphone in LT-2 is constantly buzzing during the Advanced Algorithms class. We can barely hear the professor's explanations from the back rows. This has been an issue for two weeks and the technician hasn't fixed it despite several verbal complaints. It’s affecting our understanding of complex topics.,Academics,Medium
Internal marks for the Python lab have not been uploaded even though the semester is almost over. We have no idea where we stand in terms of our internals and it’s making it hard to prioritize our study plan for the finals. Can the department ensure the instructor updates the portal by this Friday?,Academics,Medium
The elective 'Cloud Computing' was cancelled after we already attended three lectures. Now we are being told to choose a different course that clashes with our existing lab sessions. The academic office needs to provide a better alternative or adjust the lab timings to accommodate us.,Academics,Medium
"Professor is taking extra classes during the lunch break every day. We don't have enough time to eat or refresh between the morning and afternoon sessions. While we appreciate the extra help, it’s becoming physically draining. Can these sessions be moved to the official 'zero' hour?",Academics,Medium
The study material provided on the LMS for 'Theory of Computation' is just a series of scanned images that are unreadable. We cannot search for keywords or use screen readers. Could the department provide proper digital PDFs or a standard textbook reference that matches the slides?,Academics,Medium
Waitlist for the 'Machine Learning' elective hasn't moved in two weeks. I am at position #2 and there are several students who have dropped the course. The system isn't automatically pulling people from the waitlist into the enrolled list. Please manually update the roster.,Academics,Medium
The rubric for the final year project is very vague. We don't know the weightage for the implementation versus the documentation. Different guides are telling us different things. We need a standardized evaluation sheet so we can prepare our presentation accordingly.,Academics,Medium
"The air conditioning in the main computer lab is not working. With 60 systems running, the room gets incredibly hot and the computers are starting to lag due to thermal throttling. It’s hard to focus on our coding assignments for more than 30 minutes. Please repair the cooling system.",Academics,Medium
Feedback for the first assignment was never provided. We have already submitted the second assignment without knowing what we did wrong in the first one. This defeats the purpose of continuous evaluation. Please ask the TA to release the comments and marks as soon as possible.,Academics,Medium
"The guest lecture series on 'Blockchain' was scheduled during our mid-term week. Most of us couldn't attend because we were studying. Since this was a mandatory part of our professional development credits, can the recordings be uploaded to the portal?",Academics,Medium
Request for a change in the lab partner for the OS project. My current partner has not attended a single session and is not responding to any communications. I cannot finish the multi-threaded application alone. I would like to join another group or work solo if possible.,Academics,Medium
"The industrial visit planned for this semester has been postponed three times. We have already paid the registration fee and arranged for our own transport to the hub. We need a clear, final date and an itinerary, or a full refund of the collected fees.",Academics,Medium
"The software required for the 'Digital Image Processing' lab is not installed on the systems. We were told it would be ready by the second week, but we are still using trial versions that expire every few days. This is interrupting our practical work.",Academics,Medium
"The academic calendar on the website is different from the one sent via email. One shows the mid-semester break starting next Monday, while the other shows it starting the following Friday. We need a clarification so we can book our travel tickets home.",Academics,Medium
The projector in Room 402 has a very dim lamp. The slides are barely visible even with the lights turned off. This is a core theory room and we have four lectures there every day. Please replace the bulb or the projector unit.,Academics,Medium
"My attendance for the 'Professional Communication' class was marked 'Absent' for the entire last week, even though I was present. I checked the manual register and my signature is there. The faculty says I need to contact the portal admin to get it corrected.",Academics,Medium
The question bank provided for the 'Microprocessor' course contains several errors in the solved examples. Students are getting confused while practicing for the internals. Can a corrected version be vetted by a senior faculty member and re-uploaded?,Academics,Medium
"The 'Add/Drop' link for courses is not appearing on my student dashboard. My friends are able to see it and change their electives, but my page just shows an error. I need to swap one of my subjects before the deadline on Wednesday.",Academics,Medium
Request for a special doubt-clearing session for 'Discrete Mathematics'. The last few topics like Graph Theory were covered very quickly and most of the batch is struggling with the practice problems. A two-hour weekend session would be very helpful.,Academics,Medium
The digital library access through the VPN is extremely slow. It takes minutes to download a single research paper from IEEE Xplore. This is hampering our literature survey for the final year project. Is there a way to improve the bandwidth for the library gateway?,Academics,Medium
The internship NOC (No Objection Certificate) request has been sitting with the department for a week. The company needs the signed document to finalize my joining date. I have already provided the offer letter. Please expedite the signature process.,Academics,Medium
"There is a lot of background noise in the pre-recorded lectures for 'Software Engineering'. We can hear construction sounds and other people talking, which makes it very hard to follow the instructor. Could the audio be cleaned up or the videos re-recorded?",Academics,Medium
"The laboratory manuals for the 'Analog Electronics' lab have not been distributed yet. We are being asked to write our journals based on verbal instructions, which is leading to many mistakes. Can we get the official PDF guides by the next lab session?",Academics,Medium
The seating plan for the minor exams is very congested. There is almost no space to keep our stationery or calculators without them falling off the desks. Can the department use a larger hall or leave an empty seat between students?,Academics,Medium
The course coordinator for 'Human Values' is not responding to emails regarding the group project. We have a question about the case study but haven't received a reply in five days. We need guidance before we proceed with the final report.,Academics,Medium
The Wi-Fi signal in the study hall of Block 2 is very weak. We use that space for group studies between classes but we can't access any online resources or the LMS. A signal booster or a new access point is needed in that area.,Academics,Medium
"Request for a copy of the previous year's question papers for the new elective 'Cyber Laws'. Since this is the first time it’s being offered, we don't have any reference for the exam pattern. Any sample papers or mock tests would be greatly appreciated.",Academics,Medium
The water dispenser near the main auditorium is always empty during the afternoon lectures. It’s the only one in that wing and students have to walk to the other side of the building for water. Can the refilling frequency be increased?,Academics,Medium
"The 'Outcomes' section on my transcript is blank for the last semester. Even though the grades are there, the 'Credits Earned' column shows zero. This is a technical bug that needs to be fixed before I apply for my internship.",Academics,Medium
The seminar on 'Career Opportunities in AI' was overbooked. Many of us had registered but were turned away at the door because the room was full. Can the department organize a second session or move it to the main auditorium?,Academics,Medium
The faculty advisor has changed three times this semester. Every time we have to explain our project progress and academic issues to a new person from scratch. We need a stable mentor for the rest of the academic year.,Academics,Medium
"The grading scale for the 'Data Science' course was changed mid-way through the semester. We were originally told it would be a relative grading system, but now it’s been moved to absolute. This significantly changes how we need to perform to get an 'A'.",Academics,Medium
"The late-entry policy for the 8 AM lecture is being applied inconsistently. Some students are allowed in at 8:15 while others are marked absent at 8:05. We need a clear, uniform rule for the entire department to avoid confusion.",Academics,Medium
"The font size used in the 'Computer Networks' slides is very small. Even from the middle of the classroom, it’s hard to read the diagrams and text. It would be helpful if the professor could use a larger font or share the slides before the class.",Academics,Low
Suggestion to add more charging ports in the library's individual study cubicles. Most of us work on laptops for long hours and there are only a few desks with working power outlets. It would make the space much more functional.,Academics,Low
"The 'News' section on the student portal hasn't been updated since last month. Old event flyers are still pinned to the top, making it hard to find the latest academic notices. A quick cleanup of the landing page would be appreciated.",Academics,Low
The staplers provided in the assignment submission room are always out of pins. It’s a small inconvenience but it would be great if the department could keep a small stock of staples there for the students.,Academics,Low
Request to extend the library hours during the week before the mid-semester exams. Closing at 8 PM is a bit early when we have back-to-back tests. Staying open until 10 PM for just that one week would be a huge help.,Academics,Low
The chalk used in the 'Basic Electrical' class is very dusty and leaves a lot of residue on the front-row desks. Maybe the department could switch to dust-free chalk or provide whiteboards for the older classrooms?,Academics,Low
The 'Academic Handbook' PDF on the website has a few broken links in the table of contents. You have to scroll manually through 50 pages to find the relevant section. Fixing the internal links would make it easier to navigate.,Academics,Low
"Can we have a few more benches in the shaded area outside the CSE block? It’s a popular spot for students to sit and discuss assignments between lectures, but there isn't enough seating for everyone.",Academics,Low
The automated voice on the university's academic helpline is a bit too fast. It’s hard to follow the menu options for result inquiries. Slowing down the recording slightly would make the system more user-friendly.,Academics,Low
Suggestion to organize a small workshop on 'LaTeX' for the first-year students. Most of us are struggling with formatting our lab reports and a basic one-hour introductory session would be very beneficial.,Academics,Low
"The clocks in the East Wing classrooms are not synchronized. Some are a few minutes behind others, which makes it confusing to know exactly when the lecture is supposed to end. A quick battery check and sync would be good.",Academics,Low
"The water cooler in the faculty wing is much colder than the ones in the student areas. It would be nice if the student coolers could be adjusted to the same temperature, especially during the summer months.",Academics,Low
Request for a designated 'Quiet Zone' in the department lobby. It’s a good place to read between classes but it gets very noisy when people are talking loudly on their phones. A few 'Silence Please' signs might help.,Academics,Low
The markers used in the tutorial rooms are often dried out. It would be helpful if the department could provide a fresh set to the class representatives at the start of each month to ensure the board work is visible.,Academics,Low
"Can the department post the 'Faculty Office Hours' on the doors of the staff rooms? Currently, we have to keep checking or asking around to know when a professor is available for doubt clearing.",Academics,Low
"The 'Career Counseling' emails are sent too frequently, sometimes three in a day. It would be better if they could be consolidated into a single weekly newsletter so our inboxes don't get cluttered with identical info.",Academics,Low
The lighting in the back corner of the library is a bit dim for reading. A single extra tube light or a stronger bulb in that area would make it a much better spot for focusing on our textbooks.,Academics,Low
Suggestion to add a 'Feedback' button directly on the LMS for each lecture. It would be an easy way for students to let the professor know if they found a particular topic too fast or too slow in real-time.,Academics,Low
"The paper quality of the internal test sheets is very thin. Ink from gel pens often bleeds through to the other side, making it messy to write on both pages. Using a slightly thicker paper would be better.",Academics,Low
The 'Academic Achievement' board in the main hallway hasn't been updated with this year's winners. It would be motivating for the current students to see the latest photos and projects displayed there.,Academics,Low
Request for a digital map of the academic blocks to be added to the student app. The campus is large and new students often get lost trying to find specific labs or faculty rooms in the first few weeks.,Academics,Low
The door to the 'Advanced Coding Lab' is very heavy and makes a loud slamming noise when it closes. A simple door closer or a rubber bumper would prevent the noise from disrupting the students working inside.,Academics,Low
"Can we have more trash cans specifically for paper waste in the printer room? Most of the bins are filled with plastic bottles, making it hard to collect the discarded paper for recycling.",Academics,Low
The 'Student Profile' section on the portal doesn't allow us to upload a new photograph. The one from our first year is quite old and we’d like to update it with a more professional one for our IDs.,Academics,Low
The chairs in the 'Communication Lab' are a bit squeaky. It’s a minor distraction during presentations when everyone is moving around. A bit of oiling on the chair bases would probably fix the issue.,Academics,Low
Suggestion to add a 'Common Abbreviations' sheet to the 'Project Management' course. There are a lot of acronyms used in the lectures and a quick reference guide would be helpful for the new students.,Academics,Low
"The blinds in Room 305 are stuck and cannot be fully closed. This causes a glare on the whiteboard during the afternoon sessions, making it hard to see the professor's notes. A quick repair of the pulley would help.",Academics,Low
The water fountain in the sports wing of the academic block has a very low arc. It’s hard to drink from it directly without touching the metal. Adjusting the water pressure slightly would be more hygienic.,Academics,Low
"Request for more frequent cleaning of the whiteboards in the student lounge. They are often left with old marker stains from previous days, making it hard for new groups to use them for brainstorming.",Academics,Low
"The 'Course Evaluation' forms are a bit too long. If they were simplified to 5-6 key questions, more students would likely take the time to provide thoughtful feedback at the end of the semester.",Academics,Low
"The hand sanitizer dispenser outside the main library has been empty for a few days. It’s a good habit to use it before entering the common area, so it would be great if it could be refilled.",Academics,Low
"Can we have a small 'Book Exchange' shelf in the department lobby? Students could leave their old textbooks or novels for others to read, promoting a culture of sharing within the branch.",Academics,Low
"The notices on the bulletin board are often pinned on top of each other. It would be better if the older, expired notices were removed weekly to make room for the new academic announcements.",Academics,Low
"The 'Digital Notice Board' in the entrance hall has a few dead pixels. It’s not affecting the readability yet, but it’s a bit distracting when watching the departmental news scrolls.",Academics,Low
Request for a clock to be installed in the outdoor 'Open Classroom' area. We often have informal tutorials there and it’s hard to keep track of the time without checking our phones constantly.,Academics,Low
The 'Study Group' sign-up sheets on the wall are always falling off because of the wind. Using a proper clipboard or a magnetic board would keep the information more secure for the students.,Academics,Low
"Suggestion to add a 'Language of the Week' corner in the CSE block, showing simple code snippets in different programming languages. It would be a fun, low-key way to spark interest in new tech.",Academics,Low
The soap in the academic block washrooms has a very strong scent. A more neutral or unscented soap would be better for students who are sensitive to strong fragrances in enclosed spaces.,Academics,Low
The floor in the 'Microbiology' theory room is a bit slippery when wet. A 'Caution' sign or a more absorbent mat at the entrance during rainy days would prevent any accidental slips.,Academics,Low
"Can we have a few more coat hooks in the seminar hall? When it’s raining, everyone has wet jackets and there’s nowhere to hang them except over the back of the chairs, which makes the seats damp.",Academics,Low
"Double deduction on the tuition fee portal today. I tried paying my semester dues of 45,000 via the gateway, but the first transaction showed a timeout. I tried again and now both amounts have been debited from my father's bank account. This is our entire savings for the month and we need the extra 45,000 reversed immediately to pay for medical bills. Please verify the transaction IDs and initiate the refund.",Fees / Finance,High
"Scholarship disbursement missing for the final semester. My name was on the approved list for the merit-cum-means grant, but the funds haven't hit my bank account. Today is the last date to clear all dues to be eligible for the placement drive starting tomorrow morning. If my balance isn't cleared by 5 PM, I will be blocked from the interview. Please check the disbursement status urgently.",Fees / Finance,High
"Hostel fee payment not reflecting on the portal despite successful bank transfer. I have the UTR number and the bank confirmation, but the accounts office still says my 'No Dues' certificate is pending. Curfew for the convocation registration is tonight and I can't apply without this clearance. I've been running between the bank and the finance desk all day with no resolution.",Fees / Finance,High
"Wrongful 'Defaulter' tag on my student ID. The system claims I owe 12,000 in library fines and lab breakages from three years ago, which is completely false. Because of this error, my final degree is being withheld and I have a visa interview in two days where I must present my original transcripts. Please clear this ghost balance so I can collect my documents.",Fees / Finance,High
Bank loan disbursement rejected due to incorrect university account details. The finance office provided a bank branch code that is no longer active. My education loan has been stalled and the bank says they will cancel the sanction if the correct details aren't provided by this evening. I cannot afford the semester fees out of pocket. I need the corrected bank mandate immediately.,Fees / Finance,High
"Convocation fee portal is charging me twice the amount listed in the brochure. Today is the absolute last day to register for the ceremony and I don't have the extra funds. If I don't pay now, I won't get my degree on stage. Please fix the price logic for my roll number before the portal closes at midnight.",Fees / Finance,High
"Finance portal showing 'Transaction Failed' but money deducted from UPI. I paid the supplementary exam fee of 1,500 just now. The exam starts in two hours and the invigilator says I need a 'Paid' status to enter the hall. I have the screenshot of the deduction but the system is stuck. Please manually verify and update my status so I don't miss the test.",Fees / Finance,High
"Incorrect late fee penalty applied to my account. I paid my dues on the 10th, which was the deadline, but the system recorded it as the 11th and added a 2,000 fine. This fine is preventing me from downloading my hall ticket for tomorrow's external viva. Please remove the penalty and unlock my admit card.",Fees / Finance,High
"Urgent: Refund for cancelled course not processed after 6 months. I withdrew from the elective with full approval, but the 8,000 fee is still sitting as a 'Credit' in the portal. I need this money for my commute this week. I've sent ten emails with no response. I am coming to the office today for a cheque or an immediate transfer.",Fees / Finance,High
"Financial block on my account prevents me from accessing the LMS for the mid-sem test. The portal says I have an outstanding balance of 500, which is a mistake as I have already cleared all dues. The test starts in 30 minutes. If I can't log in, I'll get a zero. Please clear the block immediately.",Fees / Finance,High
"Placement registration blocked due to 'Incomplete Fee' status. My bank statement shows all payments are up to date, but the accounts branch says there's a 50 rupee discrepancy from 2023. This tiny error is stopping me from applying to the Top 3 companies visiting campus tomorrow. Please resolve this technical glitch now.",Fees / Finance,High
"Backlog registration fee deducted thrice. The server crashed while I was trying to register for my re-exams. Now 4,500 is gone instead of 1,500. I need those funds back to pay for my mess bill which is due today. Please check the logs and initiate the reversal of the two extra charges.",Fees / Finance,High
"Major error in the fee structure for International Students. The portal is calculating my dues in USD but using a conversion rate from five years ago, making it 20% higher than the current market rate. I have to pay by tonight to avoid de-enrollment. Please update the exchange rate logic for the payment gateway.",Fees / Finance,High
"NOC not issued due to unverified 'Late Fine'. I cleared all my library and hostel fines last month, but the finance clerk says the 'Sync' hasn't happened. I am graduating and moving out of the state tomorrow morning. I need my No Objection Certificate today or I won't be able to collect my security deposit.",Fees / Finance,High
"Transaction ID mismatch for semester payment. I used a third-party app to pay the fees and while the bank says 'Success', the university portal doesn't recognize the ID format. The deadline is in one hour. If it's not resolved, I'll be charged a 5,000 late fine. Please assist in manual mapping.",Fees / Finance,High
"Identity theft alert: Someone else used my student ID to pay their fees via a stolen card, and now my account is flagged for fraud. I am being threatened with suspension. I need the finance department to verify the payment source and clear my name before the hearing tomorrow.",Fees / Finance,High
"Excess fee payment for the lab component. I accidentally added an extra zero and paid 50,000 instead of 5,000. My parents are extremely upset as this was for our home rent. I need the 45,000 refunded to the source account within 24 hours.",Fees / Finance,High
"The university's online payment server is down on the last day of fee submission. Thousands of us are trying to pay but getting 404 errors. If the deadline isn't extended by tonight, we will all be hit with late fines. Please confirm the extension or fix the server.",Fees / Finance,High
"Missing mess-off refund from the previous break. I stayed home for a month during the holidays and filed the paperwork, but the credit isn't showing. I need that 3,000 to pay for my current month's food bill or I'll be barred from the mess hall tonight.",Fees / Finance,High
"Tuition waiver not applied to my profile. As a staff-child, I am entitled to a 50% discount, but the portal shows the full amount of 1.2 lakhs. The payment link expires this evening. I need the corrected invoice before I can make the payment.",Fees / Finance,High
"Bank challan not accepted at the counter. I stood in line for three hours only to be told the format changed this morning. No one informed the students. I have the cash and the old form, and today is the deadline. Please accept the payment or provide a grace period.",Fees / Finance,High
"Emergency refund needed for medical withdrawal. My brother is undergoing surgery and I need to withdraw my admission to support my family. Today is the final eligibility day for a full refund. If this isn't processed today, I lose 2 lakhs. Please expedite the file.",Fees / Finance,High
"Finance office lost my original demand draft. I submitted it last week for the exam fee and have the receipt, but now they say they can't find it and I need to pay again or I won't be allowed in the exam hall. I cannot afford to pay twice. Please find the DD or accept my receipt as proof.",Fees / Finance,High
"System error: Scholarship adjusted against the wrong semester. The 20,000 grant was supposed to cover this semester's tuition, but it was applied to a future semester instead. Now I have a 'Due' of 20,000 and I am being blocked from the library. Please fix the allocation today.",Fees / Finance,High
The ATM inside the campus swallowed my card while I was trying to withdraw fee money. The bank branch says they need an official letter from the University Finance Head to release the machine logs and give me my card back. I need this today as all my funds are tied to that account.,Fees / Finance,High
"Request for a breakdown of the 'General Amenities' fee. Every year we pay 15,000 for this but there is no transparency on what it covers. The gym is broken and the common rooms are dusty. We would like an itemized list of where this money is being spent before the next installment is due.",Fees / Finance,Medium
"The fee receipt generated by the portal is missing the university seal. I need to submit this to my father's office for his HRA and education allowance, but they rejected the current PDF. Can the finance department provide a digitally signed version with the official stamp?",Fees / Finance,Medium
"Delay in refunding the caution money for passed-out students. It has been three months since I submitted my bank details for the 10,000 security deposit return. All my batchmates have received theirs but mine is still 'In Process'. Please check the status of my application.",Fees / Finance,Medium
"The 'Pay in Installments' option is not appearing on my dashboard. I was told that students with financial difficulties could opt for a 3-part payment plan, but my portal only shows 'Full Payment'. I have already submitted my income certificate to the warden. Please enable the option.",Fees / Finance,Medium
"Discrepancy in the fine calculation for late book return. The library says I owe 450, but the finance portal is showing 1,200. I have the return slips showing the actual dates. The accounts branch needs to sync the data with the library system to reflect the correct amount.",Fees / Finance,Medium
"Scholarship status remains 'Pending' for over a month. I've submitted all the documents for the state scholarship, but the university hasn't forwarded my application to the government portal yet. If this delay continues, the government portal will close. Please expedite the verification.",Fees / Finance,Medium
"The fee payment history on my student profile is incomplete. It shows payments for the 1st and 3rd years, but the 2nd-year data is missing even though I have the physical receipts. This could cause issues during my final clearance next semester. Can you update the digital record?",Fees / Finance,Medium
"Inquiry regarding the 'Development Fee' hike. We noticed a 10% increase in the current semester's bill without any prior notice or explanation. As students, we would like to know the reason for this sudden change, especially since the campus facilities remain the same.",Fees / Finance,Medium
The ATM on campus has been 'Out of Cash' for three consecutive days. This is the only way for many of us to pay for small expenses and some of the smaller lab fees that are cash-only. Can the finance department coordinate with the bank to ensure it's refilled?,Fees / Finance,Medium
Need a duplicate copy of the first-semester fee challan. I lost my original file and the bank requires a copy to process my current loan top-up. The online portal doesn't show records that old. Can the accounts office issue a stamped duplicate this week?,Fees / Finance,Medium
"Request to adjust excess mess fees against the next semester's tuition. I have a credit of 4,000 from the last semester and instead of a refund, I'd prefer it to be used to reduce my next bill. I was told I need a written request for this. Please confirm if this is approved.",Fees / Finance,Medium
The 'Finance Helpdesk' phone number is never answered. I have been calling for three days to ask about my scholarship status and it just rings or goes to voicemail. It’s very difficult for us to keep visiting the office during lecture hours just for small queries.,Fees / Finance,Medium
Inconsistency in the 'Convocation Fee' for regular vs. distance students. Some of my friends are being charged less for the same degree. We need a clear clarification on the pricing policy for the 2025 batch to ensure everyone is being billed fairly.,Fees / Finance,Medium
"The online payment gateway charges a 2% convenience fee for credit cards. This adds up to nearly 2,000 rupees on a full semester bill. Are there any plans to introduce a zero-fee payment method like IMPS or a direct university bank transfer for the students?",Fees / Finance,Medium
Difficulty in generating a 'No Dues' certificate for a semester break. I am taking a medical leave and need to show I've cleared all finances. The portal says I have 'Library Dues' but the library says I'm clear. This cross-departmental sync is taking forever.,Fees / Finance,Medium
"The 'Fee Structure' PDF on the website is outdated. It still shows the 2023 rates, which is confusing for those of us trying to plan our finances for the upcoming year. Can the accounts department upload the 2025-26 fee schedule as soon as possible?",Fees / Finance,Medium
Request for a formal letter from the finance office for an external scholarship. The NGO providing my funding needs a letter on university letterhead stating my total annual expenses. I have the format ready. When can I pick this up?,Fees / Finance,Medium
"The 'Fine Waiver' request I submitted last week hasn't been processed. I was ill and couldn't pay the mess dues on time, and I provided a doctor's note to the accounts manager. The 500 late fine is still there. Can someone please review the case?",Fees / Finance,Medium
Duplicate entry in the 'Misc Fees' section. I've been billed for 'ID Card Replacement' twice this month even though I only requested it once and paid at the counter. Please remove the second charge of 250 from my outstanding balance.,Fees / Finance,Medium
"Need clarification on the 'Alumni Fund' charge. I am only in my second year but I see a 1,000 rupee deduction for the alumni association. Is this an annual charge or a one-time thing? It wasn't mentioned in the original prospectus we received.",Fees / Finance,Medium
"The bank branch inside the campus is understaffed. During the fee-payment week, the queues are so long that students are missing 2-3 lectures just to get a challan stamped. Can the finance office request the bank to open an extra counter during peak hours?",Fees / Finance,Medium
"My 'Fee Receipt' shows the wrong course name. It says 'B.Sc' instead of 'B.Tech', which is causing issues with my education loan provider as they think I've changed my stream. I need a corrected receipt with the right department name.",Fees / Finance,Medium
"The 'Direct Debit' setup for my monthly mess bill failed this month. I have enough balance in my account, so the issue might be on the university's end. I don't want to be hit with a late fine for a technical error. Please check the mandate status.",Fees / Finance,Medium
Request for a 'Fee Concession' form for siblings studying in the same university. My younger sister just joined the Architecture department and we were told there's a family discount. Where can we download the form and what are the required documents?,Fees / Finance,Medium
"The finance portal doesn't allow for partial payments. I want to pay 20,000 now and the rest next week, but the gateway only allows the full amount to be entered. This is a problem for students who are waiting for their parents' salaries to be credited.",Fees / Finance,Medium
"Inquiry about the 'Caution Money' interest. Since the university holds our 10,000 deposit for four years, we would like to know if that interest is used for student welfare or if it's credited back to us. This was a point of discussion in the last student council meeting.",Fees / Finance,Medium
The 'Late Fee' keeps increasing every day even though the bank was closed for a public holiday. We couldn't make the transfer because the servers were down and the branch was shut. We request a two-day extension on the grace period for the July batch.,Fees / Finance,Medium
"My scholarship amount was credited but it's 2,000 less than the sanctioned amount. Is there a processing fee or a tax deduction that I wasn't aware of? I need an itemized statement of the disbursement for my personal records.",Fees / Finance,Medium
The 'Online Finance Portal' has a very confusing UI. It's hard to find where the previous semester's receipts are stored. A simple 'Download All' button for the yearly statements would be very helpful for our income tax filings.,Fees / Finance,Medium
Request to update the bank account details for my stipend. I have closed my old account and need the research grant to be sent to my new IDFC account from next month. I have the cancelled cheque and the bank passbook copy ready.,Fees / Finance,Medium
"Inconsistency in the mess bill for vegetarians. I noticed that the monthly charge is the same for everyone, regardless of whether we opt for the non-veg special meals. Can we have a tiered billing system that reflects our actual consumption?",Fees / Finance,Medium
"The 'No Dues' clearance for the sports department is not reflecting in the finance system. I returned all my equipment last Friday but my portal still shows an outstanding amount of 2,500. Please sync the records so I can register for exams.",Fees / Finance,Medium
I was charged a 'Convenience Fee' for an offline cash deposit at the bank. I thought these charges were only for online transactions. Can the finance branch clarify if this is a new policy for the current academic year?,Fees / Finance,Medium
Request for a fee estimate for the next academic year. I need to apply for a bank loan extension and they require an official projected cost for tuition and hostel. Who should I contact to get this document stamped?,Fees / Finance,Medium
Need an explanation for the 'Insurance Premium' deduction. I noticed a 500 rupee charge for student insurance but I never received any policy documents or details on what it covers. Can the accounts office send us the digital policy copy?,Fees / Finance,Medium
"The ink on the printed fee receipts is very faint. By the time the semester ends, the text is almost invisible. It would be better if the finance office used higher-quality printers or gave us a digital copy alongside the physical one.",Fees / Finance,Low
Suggestion for an 'Auto-Pay' feature for the monthly mess bills. It’s a bit of a hassle to log in every month just to pay a small amount. A recurring payment option through UPI or Net Banking would be a great convenience for everyone.,Fees / Finance,Low
"The lighting in the accounts office waiting area is a bit dim. When we are trying to fill out the challan forms, it’s hard to see the small text. Adding one or two extra lights would make the process much easier for us.",Fees / Finance,Low
Could we have a 'Fee Calculator' on the university website? Sometimes it's hard to figure out the total amount including labs and electives. A simple tool where we select our branch and semester would be very useful.,Fees / Finance,Low
The notice regarding the 'Exam Fee' was posted very late on the bulletin board. Most of us only saw it a day before the deadline. It would be better if these announcements were sent via SMS or app notification as well.,Fees / Finance,Low
"Request for a small table near the bank counter. Currently, there is nowhere to keep our bags or files while we are filling out the deposit slips. A simple standing desk would make the queue much more organized.",Fees / Finance,Low
The 'Finance Section' on the student app is quite slow. It takes a long time to load the payment history. A quick optimization update for the mobile version of the portal would be appreciated by the student community.,Fees / Finance,Low
Can the university start accepting international cards for the application fees? I have a foreign-exchange card from my travel and it would be easier to use that than to keep converting currency for small academic charges.,Fees / Finance,Low
"The 'Fee Payment' window is only open from 10 AM to 3 PM. Since most of us have labs during these hours, it’s hard to visit the office. Extending the window by just one hour until 4 PM would be a huge help.",Fees / Finance,Low
The digital display showing the token numbers in the finance lobby is flickering. It makes it hard to know whose turn it is. It probably just needs a loose cable to be tightened or the screen replaced.,Fees / Finance,Low
"Suggestion to add a 'Frequently Asked Questions' section for scholarships on the portal. Many of us have the same questions about eligibility and deadlines, and a simple FAQ page would save a lot of time for the staff.",Fees / Finance,Low
"The water cooler near the finance office is often out of paper cups in the afternoon. Since students spend a lot of time waiting in line there, it would be nice if the supplies were restocked more frequently.",Fees / Finance,Low
"Can we have a separate 'Fast Track' line for students who just need to pick up a pre-printed receipt? Currently, everyone stands in the same queue regardless of whether they are paying or just collecting a document.",Fees / Finance,Low
The 'Scholarship Notification' emails sometimes end up in the spam folder because of the sender's address. Maybe the university can use a more recognized domain so we don't miss out on important financial deadlines.,Fees / Finance,Low
Request for a few more pens to be kept at the challan counter. Often there are none available and we have to keep asking other students. It’s a small thing but it would make the experience smoother for everyone.,Fees / Finance,Low
The chairs in the finance waiting area are quite old and some are broken. Replacing them with a few rows of sturdy benches would provide more seating for the students during the busy admission weeks.,Fees / Finance,Low
The 'Transaction Fee' for various online modes isn't clearly listed before we reach the final payment page. It would be better to see the comparison of charges upfront.,Fees / Finance,Low
"Suggestion for a digital 'Queue Management' system. Instead of standing in a physical line, we could get a token on our phones and come back when it’s our turn. This would prevent the hallway from getting overcrowded.",Fees / Finance,Low
The 'Annual Report' on student welfare funds hasn't been posted in the lobby this year. We always like to see how the student activity fees are being utilized for campus events and sports equipment.,Fees / Finance,Low
The staff at the 'Information Desk' in the finance wing are sometimes a bit curt when we ask about refund timelines. A bit more patience with our queries would be appreciated.,Fees / Finance,Low
"Can we have a small bin specifically for the discarded challan carbon copies near the bank? People usually just leave them on the desks, which makes the area look quite untidy by the end of the day.",Fees / Finance,Low
"The 'Help' icon on the payment portal is broken. When you click it, nothing happens. It would be good if it linked to a support email for students facing technical issues during payment.",Fees / Finance,Low
Request for a few more ceiling fans in the accounts branch hallway. It gets very hot during the July fee submission week and the current ventilation isn't enough for the number of students standing in line.,Fees / Finance,Low
The 'Fee Due' alerts on the mobile app are sent at 2 AM. It’s a bit startling to get a notification in the middle of the night. Scheduling these for during the day would be a much better user experience.,Fees / Finance,Low
The 'Finance News' ticker on the lobby TV is moving too fast. It's almost impossible to read the scholarship dates before they scroll off the screen. Slowing it down by half would be very helpful.,Fees / Finance,Low
"Suggestion to allow 'Mobile Wallet' payments for the cafeteria and the small stationary shop on campus. Currently, they only take cash, which is a bit inconvenient for quick purchases.",Fees / Finance,Low
"The 'Scholarship Form' PDF is not editable. We have to print it out, fill it by hand, and then scan it again. Making it a fillable PDF form would be a much more modern and efficient way to handle the process.",Fees / Finance,Low
Request to move the 'Fee Deposit' box to a more visible location. It’s currently hidden behind a pillar and many new students miss it and end up standing in the wrong line just to drop off a cheque.,Fees / Finance,Low
The 'Transaction Receipt' we get via SMS doesn't include the student ID number. Adding that small detail would make it much easier to track the payment if there’s ever a dispute.,Fees / Finance,Low
"Can the university provide a small 'Finance Handbook' for the freshmen? It would be great to have all the bank details, payment dates, and refund policies in one place.",Fees / Finance,Low
The 'No Dues' stamp used by the office is very blurry. It’s hard to read the date and signature on the final clearance form. Replacing the old rubber stamp with a new one would make the document look more official.,Fees / Finance,Low
"Request for a few more staplers at the document submission desk. Students often forget to staple their challans to their registration forms, leading to lost papers. A few fixed staplers would prevent this.",Fees / Finance,Low
"The 'Finance Section' website takes a long time to load on mobile browsers. Since many of us check our balance on the go, a 'lite' version of the site would be very useful.",Fees / Finance,Low
Could the finance office post a 'Holiday List' on the main door? Sometimes we travel from far away only to find the bank and the accounts branch closed for a local festival. A clear schedule would save us the trip.,Fees / Finance,Low
The carpet in the waiting area of the accounts office is quite worn out and has a few trip hazards. It might be time to replace it with some easy-to-clean tiling or a new rug.,Fees / Finance,Low
Suggestion for a 'Feedback Box' specifically for the accounts department. It would be a nice way for students to share their experiences with the fee payment process and suggest improvements.,Fees / Finance,Low
The 'Instruction' stickers on the ATM are peeling off. It’s hard to see which slot is for the card and which is for the receipt. A fresh set of stickers would make the machine easier to use for new students.,Fees / Finance,Low
Can the finance office start sending 'Payment Successful' notifications via the university's official WhatsApp bot? It’s a more reliable way to keep a record than just relying on the website portal.,Fees / Finance,Low
The 'Privacy Screen' on the finance office counters is a bit too opaque. It’s hard to hear the staff through the glass. A small speaking hole or an intercom system would make communication much better.,Fees / Finance,Low
Request for a clock in the finance office waiting area. It helps us keep track of how long we’ve been waiting and ensures we don't miss our next lecture if the queue is moving slowly.,Fees / Finance,Low
"The main water pipe in the basement of Block B has burst and is flooding the server room. There is about two inches of water on the floor already and it is rising toward the power backup units. If the water hits the electrical mains, the entire building will short circuit. We need a plumbing team and a heavy-duty pump here immediately to prevent a total blackout and equipment damage.",Maintenance,High
"Gas leak detected near the chemistry lab storage area. There is a very strong, distinct smell of LPG wafting into the corridor of the West Wing. This is an extreme fire hazard especially with students performing experiments nearby. I have evacuated the immediate area but we need a technician to shut off the main valve and check the pipes right now.",Maintenance,High
Elevator stuck between the 5th and 6th floors with four students inside. The emergency alarm is ringing but the lift car isn't moving and the fan has stopped working. One of the students is starting to panic due to the heat and lack of ventilation. We need the lift technician to manually override the system and rescue them before they run out of air.,Maintenance,High
Exposed high-voltage wires in the laundry room after the heavy rain. The insulation on the main dryer cable has frayed and is sparking near a puddle of water on the floor. Anyone walking in there to collect their clothes is at risk of electrocution. This area needs to be cordoned off and the power cut immediately for repairs.,Maintenance,High
"Main entrance glass door shattered in the Girls Hostel. A heavy gust of wind slammed the door and it has broken into large sharp shards across the lobby. Since it is the ground floor entrance, anyone can enter the premises now and students are walking barefoot near the glass. We need an emergency cleanup and a temporary board installed for security.",Maintenance,High
Ceiling plaster fell on a student's bed in room 302 of the old wing. A large chunk of the roof collapsed this morning and the rest of the ceiling looks severely cracked and water-damaged. It is unsafe for the residents to stay in that room as another collapse is imminent. We need an immediate structural assessment and a room shift for the occupants.,Maintenance,High
"Total power failure in the medical wing of the campus clinic. The backup generator is not kicking in and there are temperature-sensitive vaccines stored in the refrigerators. If the power isn't restored in the next hour, thousands of dollars worth of medication will be ruined. Please send an emergency electrician to bypass the faulty breaker.",Maintenance,High
Heavy sewage backup in the ground floor washrooms of Block C. Foul water is overflowing from the drains and entering the residential rooms. It is a massive health risk and the smell is becoming unbearable for the entire block. We need a professional drainage clearing team to address this blockage immediately.,Maintenance,High
"Broken window latch on a ground floor room facing the main road. The lock snapped and the window can now be opened from the outside by anyone. This is a major security breach for the student living there, especially at night. I cannot leave my room unattended. Please send a carpenter to fix the latch before sunset.",Maintenance,High
"Fire alarm system is malfunctioning and sounding continuously in Block D. It has been going off for 20 minutes but there is no fire. However, because it won't stop, students are ignoring it, which is dangerous if a real emergency occurs. We need the system reset and the faulty sensor replaced immediately.",Maintenance,High
Main gate of the faculty residential area is jammed and won't open. An ambulance is trying to get through for an emergency call but the electronic gates are unresponsive. We need someone to manually release the gears or cut the lock right now to allow the emergency vehicle through.,Maintenance,High
"Large tree limb has fallen across the power lines near the cafeteria. The lines are sagging dangerously low and are humming loudly. If they snap, they will hit the crowded walkway below. Maintenance needs to clear the branch and secure the lines before someone gets hurt.",Maintenance,High
"Smoke coming from the central air conditioning vent in the auditorium. During the seminar, we noticed a burning smell and grey smoke emitting from the ceiling units. We have turned off the AC but we need a technician to inspect the motor for a fire before the next session begins.",Maintenance,High
"Structural crack widened significantly on the 2nd floor balcony. After the minor tremor last night, the gap in the concrete has doubled in size. We are worried about the balcony's weight-bearing capacity. Please cordon off the area and send a civil engineer to inspect the stability today.",Maintenance,High
"Water tank overflow is flooding the stairwell of Block E. The float valve has failed and hundreds of gallons of water are cascading down the stairs, making them extremely slippery. This is wasting a massive amount of water and creating a fall hazard for everyone in the building.",Maintenance,High
"Basement flooding near the main circuit breakers. Rainwater is seeping through the foundation and pooling around the electrical panels. If the water level rises another inch, it will trigger a mass short circuit. We need sandbags and a suction pump here now.",Maintenance,High
"Corroded railing on the 4th-floor terrace has snapped. A student leaned on it and a section of the metal gave way. Thankfully they didn't fall, but that entire side of the roof is now unprotected. This needs to be welded or replaced urgently before tonight.",Maintenance,High
"The emergency exit door in the library is jammed shut. In case of a fire, people on the second floor would be trapped as the main stairs would be the only exit. This is a serious safety violation. The door needs to be unjammed and the hinges lubricated today.",Maintenance,High
Steam pipe leak in the mess kitchen. A high-pressure valve has started leaking hot steam near the cooking vats. It is too dangerous for the staff to prepare dinner. We need a mechanical technician to replace the valve so the kitchen can resume operations.,Maintenance,High
Unstable scaffolding left by the painting crew. The metal structure near the entrance is swaying in the wind and looks like it might tip over onto the student walkway. It needs to be secured or dismantled immediately before it causes an accident.,Maintenance,High
Chemical spill in the basement storage room. A shelf collapsed and several containers of industrial cleaning agents have leaked and are reacting. There are localized fumes and we need a hazmat-trained maintenance member to neutralize the spill.,Maintenance,High
The main boiler has reached critical pressure levels. The gauge is in the red and the pressure release valve isn't popping. We need a boiler technician to bleed the system immediately to prevent a rupture in the basement.,Maintenance,High
Bees nest in the air vent of room 412. Swarms of bees are entering the room through the AC duct and my roommate has already been stung twice. She is allergic to stings. We need an exterminator and the duct sealed before we can re-enter the room.,Maintenance,High
Sinkhole appearing in the parking lot. A section of the asphalt has collapsed near the drain and is about three feet deep. It is right in the path of incoming cars. We need it cordoned off and filled before a vehicle falls in.,Maintenance,High
The overhead water tank lid has blown off in the storm. Birds and debris are falling into our drinking water supply. This is an immediate hygiene issue for the 200 residents of this block. Please secure the lid or install a new one today.,Maintenance,High
"The air conditioning in the computer lab is not cooling properly. With 40 students and all the machines running, the temperature is reaching 30 degrees. It is becoming very difficult to focus on our coding lab. The filters probably need cleaning or the gas needs a refill.",Maintenance,Medium
"Persistent dampness on the wall of room 215. Ever since the rains started, a large wet patch has appeared and mold is starting to grow. It smells very musty and is affecting my breathing at night. We need a waterproofing specialist to check the exterior wall.",Maintenance,Medium
"One of the four burners in the hostel pantry is not working. The ignition sparks but the flame won't catch, so there is always a faint smell of gas when someone tries to use it. It makes cooking very slow during the evening rush. Please have it serviced.",Maintenance,Medium
The communal shower in the North Wing has a very weak flow. It takes forever to get the soap off because the water just trickles out. We think the showerhead is clogged with lime scale. Could maintenance replace the head or descale the pipes this week?,Maintenance,Medium
Squeaky ceiling fan in the study hall. The fan in the corner makes a loud metallic grinding noise whenever it's on speed 3 or higher. It is very distracting for everyone trying to study in silence. A simple oiling of the motor should fix the issue.,Maintenance,Medium
The hallway lights on the 3rd floor of Block G have been dead for three days. It is pitch black at night and we have to use our phone torches to find our room keys. It’s a safety issue for the students. Please replace the tube lights or check the starter.,Maintenance,Medium
"Slow drainage in the mess washbasin. Every time we wash our hands before lunch, the water pools up and takes 10 minutes to go down. It's getting quite dirty and leaves a lot of residue. The 'U-bend' under the sink likely needs to be cleared of debris.",Maintenance,Medium
"The door closer in the library is too tight. The door slams shut with a loud bang every time someone enters, which is constant. It disrupts the quiet environment and might eventually break the glass. Please adjust the hydraulic tension on the arm.",Maintenance,Medium
"Exhaust fan in the bathroom is not rotating. The room stays very humid and the mirrors are constantly fogged up, which is leading to more mold on the tiles. I’ve checked the switch but the motor seems to be burnt out. Requesting a replacement.",Maintenance,Medium
The floor tiles in the lobby are loose. Several of the large marble tiles near the reception desk wobble when you step on them. Someone is going to trip if they aren't re-cemented soon. This has been an issue for over a week now.,Maintenance,Medium
Window pane is vibrating loudly during high winds. The glass in room 504 seems to have come loose from the putty or the frame. It makes a very annoying rattling sound all night. Can maintenance apply some sealant to stop the vibration?,Maintenance,Medium
"The gym treadmill has a frayed belt. It’s starting to slip when you run at higher speeds, which could cause someone to fall off. The machine is otherwise fine, but the belt definitely needs to be replaced before it snaps completely.",Maintenance,Medium
Pest control needed for the common room. We have seen cockroaches and silverfish near the sofas and under the TV cabinet. It’s getting a bit unhygienic for us to sit there and eat snacks. Please schedule a professional spray for the weekend.,Maintenance,Medium
The water cooler in the faculty block is leaking. There is a constant puddle of water on the wooden floor which is starting to warp the planks. It looks like the internal drainage pipe is disconnected. Please fix the leak to save the flooring.,Maintenance,Medium
Broken towel rack in the washroom. The metal bar has come off the wall on one side because the screws have pulled out of the drywall. I have no place to hang my clothes while showering. Can maintenance re-install it with better anchors?,Maintenance,Medium
The clock in the main hallway is stuck. It’s been showing 10:15 for two days. It’s a small thing but it’s the only clock we have to check if we are on time for our lectures. Please replace the battery or the unit.,Maintenance,Medium
Bicycle rack is rusting and one of the bars has snapped. It has a sharp edge that could scratch someone's leg or puncture a tire. It needs a quick weld and a fresh coat of anti-rust paint to make it usable again.,Maintenance,Medium
"Request for better weather stripping on the balcony door. During the rain yesterday, water seeped under the door and soaked my rug. A simple rubber strip at the bottom of the door would prevent this from happening again.",Maintenance,Medium
"The paint is peeling off the radiator in my room. The old flakes are falling onto my bed and it looks very untidy. Since the radiator is still working, it just needs a quick scrape and a heat-resistant touch-up before the winter starts.",Maintenance,Medium
"Automatic hand dryer in the cafeteria is not sensing anything. It stays off even when you put your hands directly under it. This leads to people using a lot of paper towels, which is wasteful. Please check the IR sensor.",Maintenance,Medium
Loose door handle on the seminar room. You have to jiggle it several times to get it to latch properly. Sometimes students get 'locked in' for a few seconds because it won't turn. It just needs the internal screws tightened.,Maintenance,Medium
The outdoor benches in the courtyard are splintering. The wood has weathered poorly and it’s impossible to sit on them without catching your clothes or getting a splinter. They need to be sanded down and revarnished for the students.,Maintenance,Medium
The water pressure in the bidet spray is way too high. It’s almost painful to use and it splashes water everywhere in the stall. Could the plumber adjust the pressure valve for the ground floor washrooms?,Maintenance,Medium
Intermittent buzzing from the fluorescent lights in LT-1. One of the ballasts is failing and the constant hum is making it hard to hear the professor's voice clearly. Can maintenance replace the faulty ballast after classes end?,Maintenance,Medium
The lock on the post-box is jammed. I can't get my mail out because the key won't turn in the cylinder. I’ve tried using some oil but it didn't help. I need a locksmith or the maintenance team to open it and replace the lock.,Maintenance,Medium
The privacy screen in the girls' shower area is torn. It’s a thick plastic curtain but the rings have pulled through the top. It provides very little privacy now. Requesting a new heavy-duty curtain to be installed.,Maintenance,Medium
Stairwell railing is loose between the 3rd and 4th floors. The metal pipe wobbles when you hold it for support. This is a safety concern for anyone carrying heavy books or laundry. Please tighten the wall brackets.,Maintenance,Medium
The microwave in the student pantry is not heating food evenly. One side of the plate stays cold while the other is boiling. It might be the rotating base or the magnetron failing. Can we have it checked by an appliance technician?,Maintenance,Medium
"Dust accumulation in the AC vents of the reading room. Whenever the air turns on, it blows out a cloud of dust that triggers my allergies. The vents haven't been vacuumed in a long time. Please schedule a cleaning of the duct covers.",Maintenance,Medium
The mirror in the washroom has developed black spots. It looks like the silvering is coming off from the back due to the moisture. It makes it very hard to see clearly. It’s time for a new mirror to be fitted.,Maintenance,Medium
One of the stalls in the men's room has a broken latch. You have to hold the door with one hand while using the facility. This has been broken for a month. A simple sliding bolt would fix this easily.,Maintenance,Medium
"The water dispenser is making a loud vibrating noise. Every time it chills the water, the whole unit rattles against the wall. It’s very annoying for the students in the adjacent study room. Please check the compressor mounts.",Maintenance,Medium
The window mesh in room 108 is torn. Mosquitoes are getting in at night even when the glass is closed because the screen is loose. I would appreciate it if maintenance could replace the mesh with a new one.,Maintenance,Medium
"Request for a doorstopper in the common room. The door keeps swinging shut because of the draft, and then people have to keep opening it. A simple wedge or a floor-mounted stopper would be a great addition.",Maintenance,Medium
"The floor boards in the old music room are creaking loudly. Every time someone walks across the floor, it makes a piercing sound. We think some of the nails have come loose. Can maintenance secure the loose planks?",Maintenance,Medium
"The paint in the study room is a bit scuffed. It’s not a major issue, but the walls look a bit dirty from where chairs have rubbed against them. A fresh coat of white paint would make the room feel much brighter and cleaner.",Maintenance,Low
"The door handle to the terrace is a bit stiff. It works fine, but you have to use a bit more force than usual to turn it. A quick spray of WD-40 on the mechanism would probably make it move smoothly again.",Maintenance,Low
"Request for more coat hooks in the individual study carrels. Currently, there is nowhere to hang a jacket or a bag, so they end up on the floor. Adding two small hooks to each booth would be a very helpful upgrade.",Maintenance,Low
The signage for the different wings is starting to fade. New students are getting confused because the 'Block B' sign is hard to read from the entrance. It would be nice to have them repainted or replaced with bolder text.,Maintenance,Low
"Could we have a few more mats at the entrance of the hostel? During the rainy season, the existing ones get soaked very quickly and then people just track mud into the hallway. Two extra rubber mats would help keep the floors clean.",Maintenance,Low
"The clock in the cafeteria is five minutes slow. It’s not a big deal, but it does cause some confusion for students trying to get to their 1 PM lectures on time. It just needs to be synced with the digital campus clock.",Maintenance,Low
One of the legs on the common room coffee table is slightly uneven. It wobbles just a little bit when you put a drink on it. A small felt pad under the short leg would easily fix the balance.,Maintenance,Low
The window handles in the seminar hall are a bit dusty. It looks like they were missed during the last cleaning round. A quick wipe-down with a damp cloth is all they need to look new again.,Maintenance,Low
Suggestion for a small 'Lost and Found' shelf near the maintenance office. People often find keys or small tools and don't know where to drop them off. A designated wooden shelf would be very useful for the community.,Maintenance,Low
The lighting in the laundry room is a bit 'yellow'. Switching to a cool white LED would make it much easier to see if there are any stains left on our white lab coats. It’s a minor preference but it would help.,Maintenance,Low
"The door to the pantry makes a slight squeak when it opens. It’s not loud enough to bother most people, but a drop of oil on the hinges would make the environment a bit quieter during late-night study sessions.",Maintenance,Low
"Request for a bulletin board in the maintenance hallway. We currently tape all our repair requests to the door, which leaves sticky residue. A proper cork board would be a much tidier way to manage the notices.",Maintenance,Low
The trash cans in the courtyard don't have lids. This means that sometimes the wind blows lighter pieces of paper back onto the grass. Switching to bins with flap lids would keep the area looking much neater.,Maintenance,Low
"The floor in the gym area has a few scuff marks from where the weights were moved. It doesn't affect the usage, but a good buffing or a deep clean would make the facility look much more professional.",Maintenance,Low
Could we have a few more plants in the lobby area? It’s a bit stark at the moment and some greenery would make the maintenance office entrance look much more welcoming for the students.,Maintenance,Low
The stapler at the reception desk is always running out of pins. It would be great if the maintenance staff could keep a small box of staples nearby so students don't have to keep asking around.,Maintenance,Low
The handrails in the stairwell are a bit sticky. It seems like something was spilled on them recently. A quick cleaning with some disinfectant would make them much more pleasant to use.,Maintenance,Low
"The 'Maintenance' sign on the office door is slightly crooked. It’s a very minor aesthetic issue, but leveling it out would give a better impression of the department's attention to detail.",Maintenance,Low
"Suggestion to add a 'Suggestion Box' for infrastructure improvements. We often have ideas for small things like better bike racks or extra benches, and a box would be a great way to collect those thoughts.",Maintenance,Low
"The water pressure in the water fountain near the gym is a bit low. It’s hard to fill up a large bottle quickly. It’s not a major problem, but a small adjustment to the valve would be appreciated.",Maintenance,Low
"The blinds in the computer lab have a small cord that is fraying. They still work fine for now, but the cord might snap in a few months. It would be good to replace it before it becomes a real problem.",Maintenance,Low
The paint on the courtyard benches is starting to look a bit dull. A fresh coat of varnish next semester would help protect the wood from the sun and keep them looking nice for the students.,Maintenance,Low
"Request for a few more mirrors in the common washrooms. Currently, there is only one for four sinks, which causes a bit of a queue in the morning. Adding two more would speed up our morning routine.",Maintenance,Low
"The digital clock in the lobby has a very bright blue display that is a bit piercing at night. If there’s a way to dim it or switch it to a softer color like red or amber, it would be much better.",Maintenance,Low
"One of the tiles in the shower area has a small chip. It’s not sharp enough to cut anyone, but it’s a bit of an eyesore. Filling it with a bit of white grout would make the floor look perfect again.",Maintenance,Low
The doorstop in room 204 has come loose. The rubber part fell off so the door hits the wall now. It just needs to be screwed back in or replaced with a new one to prevent wall damage.,Maintenance,Low
"Could the maintenance team check the alignment of the lockers in Block C? Some of them are slightly slanted, which makes the whole row look a bit disorganized. It’s a very minor structural fix.",Maintenance,Low
"The 'Caution: Wet Floor' signs are looking a bit dirty. Since they are used in the main lobby, it would be good to give them a scrub so they look professional and are clearly visible to everyone.",Maintenance,Low
Request for a small rack for wet umbrellas at the entrance of the maintenance wing. It would stop people from bringing dripping umbrellas inside and making the floor slippery for the staff.,Maintenance,Low
The lighting in the back corner of the study hall is a bit dim for reading textbooks. Replacing the 40W bulb with a 60W one would make it a much more usable space for late-night sessions.,Maintenance,Low
The door to the storage room has a few old stickers on it that are half-peeled. Removing them and cleaning the adhesive would make the hallway look much tidier and more official.,Maintenance,Low
"Suggestion to add a few more 'No Smoking' signs in the garden area. Some people are ignoring the current ones because they are small. Larger, clearer signs would help enforce the campus policy.",Maintenance,Low
"The sink in the pantry has a small scratch in the stainless steel. It doesn't affect the function at all, but using a bit of metal polish might help minimize the appearance of the mark.",Maintenance,Low
Request for more frequent weeding of the small flower beds near the hostel entrance. A few weeds are starting to poke through the mulch and it would look much nicer if they were pulled.,Maintenance,Low
"The power outlets in the common room are a bit loose in the wall. They work fine, but they wiggle a bit when you plug in a charger. Tightening the faceplate screws would solve the issue.",Maintenance,Low
"The 'Exit' sign over the side door is slightly dim. It’s still readable, but it might need a new bulb soon to stay compliant with the safety regulations for the building.",Maintenance,Low
"The 'Library' sign in the East Wing has a slightly loose bracket. It’s not in danger of falling yet, but it rattles a bit when the AC kicks in. Tightening the two screws on the side would make it perfectly stable again.",Maintenance,Low
"Request to reposition the trash bin in the common area by a few feet. Currently, it’s placed right under the light switch, which makes it a bit awkward to reach for the button in the dark. Moving it to the corner would be a better layout.",Maintenance,Low
"The whiteboards in the student lounge have some ghosting from old markers. A standard cleaning spray doesn't seem to work. Could the maintenance staff provide a bottle of professional board restorer for us to use?""",Maintenance,Low
The door to the faculty restroom has a coat of paint that is slightly uneven near the bottom. It's a very minor aesthetic flaw that probably occurred during the last touch-up. Re-sanding and a quick thin coat would smooth it out.,Maintenance,Low
"The morning shuttle at 8:30 AM is always completely packed. Many students are forced to stand right next to the driver's seat or wait for the next one, which makes them late for their first lecture. It would be great if an extra bus could be added for this specific slot.",Transport,Low
"I think it would be a good idea to put a bench at the North Gate pickup point. There is currently nowhere to sit while waiting for the loop bus, which is a bit of a hassle when you're carrying heavy books or a laptop bag.",Transport,Low
The 9:00 PM shuttle driver was driving incredibly fast through the pedestrian zone near the library. I almost got hit while crossing. This kind of reckless behavior is terrifying and someone is going to get seriously hurt if this isn't addressed immediately.,Transport,High
I'm currently stranded at the campus perimeter because the 5:00 PM bus never showed up and I have a final exam starting in 15 minutes. There's no other way to get to the hall on time. Please help me get there before the doors close.,Transport,High
"For the third day in a row, the AC in bus number 12 isn't working. It’s nearly 40 degrees outside and the cabin is like an oven. It’s very difficult to focus on my notes when I'm sweating through my clothes before I even reach the department.",Transport,Medium
"My student ID card isn't being recognized by the scanner on the Blue Route buses. Every time I board, I have to explain the situation to the driver which holds up the line. I’ve already been to the admin office and they said the card is fine, so it must be the bus scanners.",Transport,Medium
"Can we get a digital tracker for the shuttle? Sometimes the bus arrives five minutes early and we miss it, and other times it's ten minutes late and we're just standing there wondering if it's coming at all.",Transport,Low
The stairs on the 42nd Street bus are becoming loose and wobbly. I saw a student trip and nearly fall off the vehicle this morning. This needs to be fixed before the metal completely gives way.,Transport,High
I noticed that the bike racks on the front of the campus shuttles are often full. Maybe we could look into installing a few more racks so more people are encouraged to cycle instead of taking their cars?,Transport,Low
The evening route home is consistently skipping the stop near the Engineering block. We wait there for ages and watch the bus go by on the main road without turning in. This has happened four times this week and it's very frustrating.,Transport,Medium
"I left my blue umbrella on the 2:15 PM shuttle today. I sat near the back. If the driver found it, could you let me know where I can go to pick it up?",Transport,Low
The shuttle driver was using his phone to watch videos while driving the highway stretch between campuses. He was barely looking at the road and drifting between lanes. I felt completely unsafe and had to get off early.,Transport,High
There’s a strange burning smell coming from the engine of the morning bus that runs through the South campus. It’s been happening for a few days now and it makes me worried about the vehicle's maintenance.,Transport,Medium
The weekend shuttle schedule is very confusing. The timings posted on the website don't match the actual times the bus arrives. Could the PDF be updated to reflect the current routes?,Transport,Low
"During the rain yesterday, the roof of the bus was leaking right over the middle seats. My bag and laptop got soaked. This is a basic maintenance issue that shouldn't be happening.",Transport,Medium
"Someone spilled coffee all over the back row of the 10:00 AM shuttle and it's still there, sticky and smelling bad. It would be nice if the interiors were cleaned more frequently during the day.",Transport,Low
The driver of the midday loop was incredibly rude to an international student today. He shouted at her because she didn't understand how the pass system worked. It was very unprofessional and made everyone on the bus uncomfortable.,Transport,Medium
Is there any way to extend the shuttle service by one hour on Friday nights? Many of us stay late at the lab and having to walk back to the dorms in the dark feels unsafe.,Transport,Low
The brakes on the bus ending in plate 442 are screeching very loudly every time it stops. It sounds like the pads are completely worn out and it's quite alarming to hear when the bus is full of people.,Transport,High
"I’ve noticed the shuttle stops aren't very well lit at night. As a student who works late shifts at the library, waiting at the North stop feels very sketchy. Installing even one small light would make a big difference for safety.",Transport,High
Why does the bus driver always take a 20-minute break at the student center? It’s right in the middle of the route and it makes everyone late for their next class. Can the shift changes happen at the terminus instead?,Transport,Low
"I lost my wallet on the bus this morning. It’s a brown leather one with my license and some cash. If it’s been turned in, please let me know. I really need those IDs back for my internship interview tomorrow.",Transport,Medium
The 8:00 AM bus simply didn't show up today. A group of about 30 of us were left waiting and most of us missed our mid-term presentations. We need a more reliable service for morning peak hours.,Transport,High
The bus stop sign near the gymnasium has fallen over. It’s lying in the grass and new students don't know where to stand to catch the shuttle.,Transport,Low
There was a physical altercation between two students on the bus this afternoon and the driver didn't do anything to intervene or call security. It was a very scary environment and I didn't feel safe staying on the vehicle.,Transport,High
"The shuttle route is too long. By the time it reaches the outskirts of the campus, it's already 40 minutes into the trip. Maybe splitting it into two smaller loops would be more efficient for everyone.",Transport,Low
"I noticed that the handicap ramp on the main campus bus is broken. A student in a wheelchair couldn't board today and had to wait for the next bus, which also had a faulty ramp. This is a major accessibility issue.",Transport,Medium
I'm very upset because the driver closed the doors right in my face even though he saw me running. I was only two feet away. Now I'm going to be late for my lab and my grade will be docked.,Transport,Medium
"The bus windows are so dirty you can barely see out of them. It's hard to know which stop we're at, especially when it's dark outside. A simple wash once a week would help.",Transport,Low
The 11:00 PM shuttle stop is located in a very isolated area with no CCTV. I saw someone suspicious hanging around there last night and I think the stop should be moved closer to the well-lit main road for student safety.,Transport,High
"Every time the bus hits a pothole, the entire overhead rack rattles like it's going to fall off. It's very distracting when trying to read.",Transport,Low
The shuttle service keeps changing the route without updating the app. I waited for an hour today at a stop that apparently isn't being used anymore. Please communicate these changes better.,Transport,Medium
There is a huge crack in the windshield of the bus that does the inter-campus run. It’s right in the driver’s line of sight and seems like a major safety hazard if a rock hits it.,Transport,High
Could we have more frequent buses during finals week? The library is packed 24/7 and the current shuttle frequency isn't enough to handle the number of students leaving at 2:00 AM.,Transport,Medium
"The driver was smoking inside the bus while waiting at the terminus. The whole cabin smelled like cigarettes when we boarded, which is gross and also against campus policy.",Transport,Low
"The morning bus is consistently 15 minutes late. If this continues, I'm going to have to start paying for Ubers because I can't keep missing the start of my 9:00 AM seminar.",Transport,Medium
I accidentally dropped my keys down the gap in the folding doors of the bus. I need them to get into my apartment tonight. Is there any way for maintenance to check the door mechanism?,Transport,Medium
"The bus was so overcrowded today that students were literally pressed against the doors. If the driver had to brake suddenly, those doors could have given way. This is a disaster waiting to happen.",Transport,High
"I’d like to suggest adding a ""request stop"" button to the older buses. Right now you have to shout to the driver or pull a string that doesn't always work.",Transport,Low
The heater on the bus is stuck on full blast. It’s already warm outside and we're all suffocating in there. The driver says he can't turn it off because the knob is broken.,Transport,Medium
I saw a group of non-students using the shuttle to get across town. This made the bus too full for actual students who pay for this service through their fees. There should be an ID check.,Transport,Low
The driver started driving before a student with crutches had a chance to sit down. She fell over and hit her head. We need drivers who are more mindful of students with mobility issues.,Transport,High
The 4:00 PM shuttle route takes a very long detour through the construction site. It adds 15 minutes to the trip for no reason. Is there a more direct path available?,Transport,Low
My bus pass was overcharged this month. I usually pay for the student discount rate but the system took the full faculty amount. I need a refund of the difference.,Transport,Medium
I witnessed a student being harassed by a group of people on the late-night shuttle. The driver didn't notice because he had headphones in. We need better monitoring on the night routes.,Transport,High
The seats in the back of the bus are ripped and the foam is coming out. It looks terrible and makes the whole campus look bad to visitors.,Transport,Low
"The bus driver refused to let me on with my project model, even though it wasn't that big. I had to walk 20 minutes in the wind and it got damaged. I don't understand why there isn't a clearer policy on luggage.",Transport,Medium
I missed my flight home because the airport shuttle provided by the university broke down on the highway and no backup was sent for two hours. I had to buy a new ticket which cost me $300.,Transport,High
Can we have a lost and found section on the transport website? It would be much easier than calling the office every time someone loses a hat or a glove.,Transport,Low
The bus driver was being very aggressive with his horn and yelling at other drivers in traffic. It was very embarrassing and made the university look bad.,Transport,Medium
The shuttle at 7:30 AM is always empty. Maybe that resource could be moved to the 10:00 AM slot when the buses are overflowing?,Transport,Low
"I think I left my phone on the seat of the Green Line bus. It's a black iPhone. If anyone finds it, please call the admin office. I need it for my multi-factor authentication for my exams.",Transport,High
The bus stop signs are fading and you can't read the route numbers anymore. It would be helpful to have them repainted or replaced.,Transport,Low
"The driver missed the turn for the East dorms and refused to go back. He told us we had to walk from the next stop, which is over a mile away, in the dark.",Transport,Medium
I feel like the drivers need more training on how to operate the new electric buses. They are very jerky with the brakes and it makes a lot of people feel motion sick.,Transport,Medium
"The 3:00 PM shuttle is always 10 minutes late, which means I miss my connection to the city bus. Could the schedule be adjusted to be more realistic?",Transport,Low
There was a large dog on the bus today that wasn't a service animal. It was barking at people and made many students uncomfortable. Aren't pets supposed to be in carriers?,Transport,Low
I am writing to report a driver who was making inappropriate comments to female students as they boarded the bus. This is a huge safety and harassment issue and needs to be handled immediately.,Transport,High
The bus schedule on the mobile app is completely different from the one printed at the bus stop. Which one are we supposed to follow?,Transport,Low
"I had a flat tire on my bike and tried to use the bus, but the bike rack was broken and wouldn't lock. I had to leave my bike behind and now it's been stolen.",Transport,Medium
The 8:00 AM bus broke down on the main bridge and we were stuck there for 45 minutes. I missed my 8:30 AM quiz which is 10% of my grade. Is there any way to get a formal note for my professor?,Transport,High
The floor of the bus is extremely slippery when it rains. I saw several people almost wipe out today. Maybe some non-slip mats could be installed near the doors?,Transport,Medium
I noticed that the shuttle doesn't run during the spring break. Some of us stay on campus to work or study and it's very hard to get around without the buses.,Transport,Low
The bus driver almost hit a cyclist because he didn't check his blind spot before turning into the campus gate. He didn't even stop to see if the guy was okay.,Transport,High
There is a lot of litter on the night buses. It would be great if there were small trash cans installed near the exits so people don't just leave their bottles on the floor.,Transport,Low
"The bus driver keeps skipping the stop at the medical center. He says no one is ever there, but I've been there twice this week and had to wave him down frantically just to get him to stop.",Transport,Medium
Is there a way to track the shuttle's carbon emissions? It would be a cool project for our environmental science class if that data was made public.,Transport,Low
"The emergency exit handle on bus 309 looks like it's been tampered with. It's hanging by a thread and might fall off, which seems like a major safety violation.",Transport,High
The shuttle route is very bumpy near the construction site. It’s hard to write or work on a laptop during the commute. Could the path be rerouted slightly?,Transport,Low
I was overcharged for my parking permit this semester. I was supposed to get the early bird discount but the system charged me the full price.,Transport,Medium
The driver was driving with the door open while the bus was moving. A student was standing right there and could have easily fallen out. This is a total disregard for safety.,Transport,High
"The bus stop at the stadium doesn't have a roof. When it's raining, we all get soaked while waiting for the shuttle. A simple shelter would be amazing.",Transport,Low
"The bus driver told me I couldn't board because the bus was ""full,"" but I could clearly see several empty seats in the back. I think he just wanted to leave early.",Transport,Medium
Someone left a bag of groceries on the bus. There are perishables like milk and eggs in there. It’s been sitting there since the 11:00 AM run.,Transport,Low
I missed my graduation ceremony because the special event shuttle never arrived at the designated parking lot. I am beyond devastated and want to know why there was no backup plan.,Transport,High
The seats on the new buses are very narrow. It’s quite uncomfortable when the bus is full and you're squeezed in between two other people.,Transport,Low
My bus pass stopped working after I put it near my phone. Is there a way to get a replacement without paying the $20 fee since it's just a technical error?,Transport,Medium
The driver of the afternoon shuttle was yelling at a student for asking a simple question about the route. It was very aggressive and uncalled for.,Transport,Medium
The bus stop at the North End is obscured by overgrown bushes. Drivers can't see students waiting there and often drive right past.,Transport,Low
There was a group of people drinking alcohol on the bus last night. They were being loud and spilling drinks on the seats. The driver didn't seem to care.,Transport,High
The shuttle frequency during the summer term is way too low. Waiting 40 minutes for a bus when it's 100 degrees outside is miserable.,Transport,Medium
"I found a set of car keys on the 9:00 AM bus. They have a Toyota keychain. I gave them to the driver, just letting the office know in case someone calls.",Transport,Low
The 5:30 PM bus is always late because of the traffic at the main intersection. Maybe the route could be changed to avoid that light?,Transport,Low
The driver didn't wait for me to get off the bus and closed the door on my arm. I have a huge bruise and it really hurts. This is incredibly dangerous.,Transport,High
I was waiting for the bus for 30 minutes and then two buses arrived at the exact same time. This happens almost every day. The spacing needs to be better.,Transport,Medium
The bus stop near the library is always full of trash. It would be nice if there was a bigger bin there that got emptied more often.,Transport,Low
I saw a student's backpack get caught in the bus door as it was pulling away. The driver didn't notice until we all started screaming. We need better sensors on those doors.,Transport,High
"The shuttle service to the off-campus housing is very unreliable. Sometimes it comes, sometimes it doesn't. We pay a lot for this and expect better.",Transport,Medium
Can we get some posters on the bus about basic etiquette? Like letting people off before boarding and not playing music without headphones.,Transport,Low
The bus driver was speeding in a school zone near the campus daycare. There were kids everywhere and he was going at least 40 in a 20 zone.,Transport,High
The AC in the bus is so cold that I have to bring a jacket even when it's hot outside. Can the temperature be set to something more reasonable?,Transport,Low
"The bus driver missed my stop even though I pulled the cord well in advance. When I told him, he just shrugged and told me to get off at the next one.",Transport,Medium
I left my lab notebook on the bus yesterday. It has all my data for my thesis. I am desperate to find it. Please let me know if it’s in the lost and found.,Transport,High
The shuttle stop at the student union is always crowded and there's no clear line. It’s just a mass of people shoving to get on. We need some railings to organize the queue.,Transport,Low
The 6:00 PM bus is consistently overcrowded. People are standing in the stairwells which is a safety risk. We need a larger bus for this time slot.,Transport,Medium
"The bus driver was making very sharp turns and several people fell out of their seats. He's driving like he's in a race, not carrying students.",Transport,High
Is there a way to get a shuttle to the train station on Friday afternoons? A lot of us go home for the weekend and it would be much easier than taking a taxi.,Transport,Low
The bus driver refused to lower the bus for an elderly visitor who was struggling to get up the steps. It was very heartless and unnecessary.,Transport,Medium
The 7:00 AM bus has a very loud engine noise that sounds like something is rattling around inside. It’s been like this for a month.,Transport,Low
I missed my final project submission because the bus driver took a wrong turn and got stuck in a dead-end street for 30 minutes. My professor won't accept the late work.,Transport,High
"I noticed that the lock on the side door of the humanities building doesn't click shut properly. Anyone can just walk in without swiping their ID card, even after hours.",Security / Discipline,Medium
There is a group of people at the library entrance who are being very loud and making it hard to study. They’ve been there for two hours and don't seem to be students.,Security / Discipline,Low
Help! A fight just broke out in the courtyard between two guys and one of them looks like he’s seriously hurt. There is blood on the pavement and nobody is stepping in to stop it. Please send someone right now!,Security / Discipline,High
"I think I left my wallet in the cafeteria around 12:30 PM. It’s a small black cardholder with my student ID and some cash. If anyone turned it in, please let me know.",Security / Discipline,Low
Someone has been following me from the lab to my dorm for the past three nights. They stay about twenty feet back and hide whenever I turn around. I’m terrified to walk home alone tonight and I'm currently hiding in the lobby.,Security / Discipline,High
"My bike was stolen from the racks outside the science block. I locked it at 9:00 AM and when I came back at 3:00 PM, the lock was cut and the bike was gone. This is the second time this month I've seen a cut lock there.",Security / Discipline,Medium
I’d like to suggest putting more mirrors in the corners of the parking garage stairwells. It’s very hard to see if someone is coming around the bend and it feels a bit sketchy at night.,Security / Discipline,Low
"Someone is currently trying to kick down the door of my dorm room. I’m locked inside and I don't know who it is but they are screaming threats. Please get here fast, I think the wood is starting to splinter.",Security / Discipline,High
There are students smoking in the non-smoking zone near the gymnasium. The smoke drifts right into the vents and makes the whole locker room smell. It’s a violation of the campus health code.,Security / Discipline,Low
I witnessed a student being harassed and bullied by a group near the fountain. They were filming it and laughing while the person was crying. It didn’t look like a joke at all and felt very malicious.,Security / Discipline,High
My laptop was taken from my desk in the library when I went to the restroom for five minutes. I have my final thesis on there and no backup. Is there any way to check the camera footage for that floor?,Security / Discipline,Medium
"There is a very suspicious bag left unattended under the bench at the main bus stop. It’s been there for over an hour and I haven't seen anyone claim it. Given the current safety protocols, I thought I should report it.",Security / Discipline,High
Can we get more regular patrols around the back of the auditorium? It’s very dark back there and I’ve seen people who don't look like students hanging out and drinking late at night.,Security / Discipline,Medium
I saw some graffiti on the wall of the new arts building. It looks like it was done with permanent marker. It would be good to get it cleaned off before more people add to it.,Security / Discipline,Low
I am trapped in the elevator in the Engineering block. The emergency button isn't working and it’s starting to get really hot in here. I’ve been stuck for 20 minutes and I'm starting to panic.,Security / Discipline,High
Someone is selling what looks like exam answer keys in the student lounge. They are charging fifty dollars and targeting freshmen. This seems like a major breach of academic integrity.,Security / Discipline,Medium
The streetlights on the path leading to the North dorms are all flickering or completely out. It’s pitch black at night and I’ve seen people tripping on the uneven pavement.,Security / Discipline,Medium
"I found a set of keys near the sports field. They have a ""Class of 2024"" keychain. I've left them with the front desk but wanted to make sure there's a record in case the owner calls.",Security / Discipline,Low
I just saw someone climb through a window on the first floor of the girls' hostel. They were wearing a hoodie and definitely didn't look like they lived there. This happened about two minutes ago.,Security / Discipline,High
"My roommate is bringing unauthorized guests into our room every single night and they stay until 4:00 AM. It’s making it impossible for me to sleep or study, and it’s against our housing contract.",Security / Discipline,Medium
There’s a drone flying very low near the dormitory windows. It feels like a huge invasion of privacy as it’s clearly recording inside the rooms. Can we have a policy on drone usage over living areas?,Security / Discipline,Low
I was just mugged at knifepoint behind the cafeteria. The person took my phone and my bag and ran towards the woods. I’m shaken up but not physically injured. Please send help.,Security / Discipline,High
Someone has been scratching cars in the faculty parking lot. I found a long key mark on my passenger door this afternoon. This is the third car I've seen with similar damage this week.,Security / Discipline,Medium
I’d like to report a broken window in the basement of the old library. It looks like someone threw a rock through it. It’s a safety hazard because of the glass on the floor.,Security / Discipline,Low
"There is a massive party happening in Room 402 of Block B. There are at least 50 people in a room meant for four, and they are throwing bottles off the balcony. Someone is going to get hit.",Security / Discipline,High
I suspect my lab partner is stealing chemicals from the supply closet. I saw them putting glass vials into their backpack when they thought I wasn't looking. This is dangerous and illegal.,Security / Discipline,Medium
"The emergency blue light phone near the lake doesn't seem to be working. I tried to test it because the light was out, and there was no dial tone or response. This is a major safety risk if someone is in trouble.",Security / Discipline,High
"Could we have a workshop on basic self-defense for students? With the recent increase in petty thefts around campus, I think a lot of people would feel more confident if they knew some basic moves.",Security / Discipline,Low
Someone is using a fake ID to get into the campus bar. I saw them showing it to the staff and it was clearly not them. I don't want the university to get in trouble for underage drinking.,Security / Discipline,Low
I’m being blackmailed by an ex-partner who says they will release private photos of me on the university Discord server if I don't give them money. I don't know who to talk to about this.,Security / Discipline,High
"The fire exit in the basement of the chemistry lab is blocked by a bunch of old crates and equipment. If there was a fire, we wouldn't be able to get out. Please clear this immediately.",Security / Discipline,High
I’ve noticed a lot of non-students using the campus gym lately. They don't have badges and they are taking up all the equipment that we pay for with our tuition. Can we have stricter entrance checks?,Security / Discipline,Low
"My locker in the gym was broken into today. My watch and my wallet are gone. I thought those lockers were supposed to be secure, but the door was just pried open.",Security / Discipline,Medium
There is a stray dog on campus that looks very aggressive. It’s been growling at people walking to the dining hall and I’m worried it might bite a student who isn't paying attention.,Security / Discipline,Medium
"I’m getting anonymous, threatening emails to my student account. They contain my home address and details about my daily schedule. I feel like I'm being stalked and I'm scared to leave my room.",Security / Discipline,High
I’d like to report that the vending machine in the student union has been tampered with. The coin slot is jammed with something and it looks like someone tried to pry the front panel off.,Security / Discipline,Low
There’s a strong smell of gas in the hallway of the physics building. It’s getting stronger and making people feel dizzy. We need an evacuation and a check of the lines right now.,Security / Discipline,High
"I saw someone trying to pick the lock on a parked scooter near the main gate. When they saw me, they tucked a tool into their pocket and walked away quickly toward the city side.",Security / Discipline,Medium
The back gate of the university is often left propped open with a rock so people can get in without their IDs. This completely defeats the purpose of having a fenced campus.,Security / Discipline,Medium
"I lost my prescription glasses near the track field. They are in a red case. If they’ve been found, please let me know as I literally can't see my lectures without them.",Security / Discipline,Low
"There is an intruder in our dorm building. A man who doesn't live here is wandering the halls and knocking on doors asking for ""the girl in the photo."" He looks very agitated and is shouting.",Security / Discipline,High
Some students are using the roof of the library as a hangout spot. I saw them climbing up the fire escape earlier. It’s a long drop and they are sitting right on the edge.,Security / Discipline,Medium
I’d like to report a case of identity theft. Someone is using my student credentials to access the lab equipment and I’m getting billed for materials I never used. I need my account locked.,Security / Discipline,Medium
"I noticed that the CCTV camera in the East parking lot has been spray-painted over. It’s been like that for two days, which means that whole area is currently unmonitored.",Security / Discipline,Medium
A student is being held against their will in a car in the south parking lot. I saw them struggling and shouting for help as the car drove off. The plate started with XYZ. Please help!,Security / Discipline,High
"The ""Authorized Personnel Only"" door in the server room was left wide open today. There was nobody inside and all the hardware was exposed. This seems like a huge security oversight.",Security / Discipline,Medium
"I think it would be a good idea to have more ""Safe Walk"" volunteers available during finals week. The library stays open 24/7 but many people are afraid to walk back to their cars at 4:00 AM.",Security / Discipline,Low
I saw a student handing out flyers for an illegal gambling ring happening in the basement of the dorms. They are betting large amounts of money and things are getting tense between players.,Security / Discipline,Medium
There is an active fire in the trash bin behind the cafeteria. The flames are reaching the wooden fence nearby. We need a fire extinguisher and professional help immediately.,Security / Discipline,High
I witnessed a hit and run in the student parking lot. A silver SUV hit a parked motorcycle and just drove off without leaving a note. I have a partial license plate number if you need it.,Security / Discipline,Medium
"I lost my student ID card somewhere between the gym and the library. I've already deactivated it, but if someone finds it, I'd like to get it back so I don't have to pay for a new one.",Security / Discipline,Low
Someone is throwing water balloons from the 5th floor of the dorms at people walking below. It’s annoying and someone's laptop almost got ruined. Can someone go up there and tell them to stop?,Security / Discipline,Low
My ex-boyfriend is standing outside my classroom and won't let me leave. He’s yelling and making a scene. I have a restraining order against him and he’s not supposed to be on campus.,Security / Discipline,High
There’s a group of people using the university's high-speed internet to host an illegal file-sharing server. It’s slowing down the connection for everyone else in the building.,Security / Discipline,Low
I saw a man taking photos of students through the windows of the locker rooms. He ran away when he realized I saw him. He was wearing a grey hoodie and carrying a professional camera.,Security / Discipline,High
"The emergency exit sign in the auditorium is burnt out. If there was a power outage, it would be impossible to find the way out in the dark.",Security / Discipline,Low
Someone stole the catalytic converter off my car while it was parked in the overnight lot. The car is now making a deafening noise and I can't drive it home. This is getting out of hand.,Security / Discipline,Medium
I noticed that the security guard at the front gate is often asleep during the night shift. I’ve walked past him three times this week and he didn't even notice I was there.,Security / Discipline,Medium
There is a person on the roof of the 10-story admin building and they are standing very close to the edge. They look like they might jump. Please send a crisis team immediately.,Security / Discipline,High
A group of students is using the chemistry lab after hours without supervision to make some kind of homemade fireworks. I’m worried they are going to cause an explosion.,Security / Discipline,High
"I found a suspicious USB drive plugged into one of the public computers in the library. I didn't open it because I was afraid of malware, but it looked intentionally hidden.",Security / Discipline,Low
"Someone is consistently stealing packages from the mailroom area. My textbook was delivered yesterday but when I went to pick it up, the box was gone. Many others are complaining too.",Security / Discipline,Medium
I was just threatened with a weapon in the park area near the campus entrance. The guy told me to give him my watch or he’d hurt me. I managed to run away but he’s still there.,Security / Discipline,High
The gate to the construction site is wide open and there are kids playing on the scaffolding. It’s really dangerous and someone is going to fall and get killed.,Security / Discipline,High
"I’d like to report a student for plagiarism, but they are also threatening me if I tell the professor. I feel unsafe and don't know how to handle the disciplinary side of this.",Security / Discipline,Medium
The panic button in my office isn't responding. I tried to do a routine check and the light didn't come on. Can someone from the technical team come and fix it today?,Security / Discipline,Medium
There is a large group of people protesting outside the main hall and they are blocking the entrance so nobody can get to their exams. Things are starting to get heated between students and protesters.,Security / Discipline,Medium
I saw someone breaking the locks on the vending machines in the basement of the dorms. They have a bag full of snacks and cash. They are still there right now.,Security / Discipline,Medium
I am being stalked by a student in my major. They follow me to every class and wait outside the bathroom for me. I’ve told them to stop but they won't. I'm starting to feel very unsafe.,Security / Discipline,High
Someone spilled oil all over the stairs in the science building and didn't clean it up. I saw two people slip and fall already. It’s a major hazard.,Security / Discipline,Medium
I’d like to suggest more frequent bag checks at the entrance of the stadium for tonight's game. There are rumors that some people are planning to bring in prohibited items.,Security / Discipline,Low
A student just collapsed in the hallway and is having a seizure. There’s no one around who knows first aid. We need medical assistance at the West wing immediately!,Security / Discipline,High
"Someone is using the university's name and logo to run a scam on social media, asking for ""tuition deposits"" via Venmo. Several students have already lost money.",Security / Discipline,Medium
I witnessed a student being physically assaulted by their partner in the parking lot. The person was being pushed against a car and looked like they were in a lot of pain.,Security / Discipline,High
"The backup generator for the security lights in the dorms didn't kick in during the brief power flicker today. If the power goes out for real, we will be in total darkness.",Security / Discipline,Medium
There is a drone hovering outside my third-story window and it’s been there for ten minutes. This is a massive breach of my privacy and I want it stopped.,Security / Discipline,Medium
I found a knife hidden in the bushes near the daycare center. I haven't touched it. It looks like it was ditched there recently.,Security / Discipline,High
"My roommate has a cat in our dorm room, which is strictly against the rules because I have a severe allergy. I’ve asked them to move it, but they refuse. I can't breathe in my own room.",Security / Discipline,Medium
I’d like to report a faulty lock on the equipment shed near the athletic fields. It’s very easy to just pull the door open without a key.,Security / Discipline,Low
Someone is trying to break into the pharmacy in the health center. I can hear glass breaking and there are shadows moving inside. It’s 2:00 AM and the center is closed.,Security / Discipline,High
There is a lot of broken glass in the sand at the campus volleyball court. It’s very dangerous for people playing barefoot. Can it be cleaned up?,Security / Discipline,Low
I received a physical letter in my campus mailbox that contains a death threat. It’s made of cut-out magazine letters. I’m at the security desk now but it's empty.,Security / Discipline,High
Someone is operating an unauthorized food stall in the quad. They aren't wearing gloves and the food doesn't look like it’s being kept at the right temperature.,Security / Discipline,Low
I saw a group of people jumping the fence into the campus pool after it was closed. They were drinking and pushing each other into the deep end. There’s no lifeguard on duty.,Security / Discipline,Medium
I was just involved in a fender bender near the main gate. The other driver is being very aggressive and refusing to show me their insurance. I feel threatened by their behavior.,Security / Discipline,Medium
There’s a person in the computer lab who is looking at very disturbing and violent imagery. It’s making everyone around them feel extremely uncomfortable and unsafe.,Security / Discipline,Medium
I noticed that the fire extinguishers in the old dorm building are all expired. The inspection tags say they were last checked three years ago.,Security / Discipline,Medium
A student is being bullied in the group chat for our course. The messages have turned into threats of physical violence. I have screenshots if you need to see them.,Security / Discipline,Medium
"I think someone is living in the basement of the library. I found a sleeping bag, some food wrappers, and personal items tucked behind the old archives.",Security / Discipline,Low
There is an unattended pressure cooker sitting in the middle of the hallway in the physics department. It looks very suspicious and nobody knows who it belongs to.,Security / Discipline,High
I’d like to report a student for using a stolen credit card at the campus bookstore. I saw the name on the card and it definitely didn't match their ID.,Security / Discipline,Low
Someone is shining a high-powered laser pointer into the eyes of drivers entering the campus. This is incredibly dangerous and could cause a major accident.,Security / Discipline,High
"I found a backpack full of expensive camera gear in the park. I’ve brought it to the lost and found, but I wanted to make sure it was logged.",Security / Discipline,Low
"My dorm room was ransacked while I was at dinner. My jewelry and my passport are missing. The door was locked, so I don't know how they got in.",Security / Discipline,High
There is a tree branch that has partially fallen and is hanging over the main walking path. It looks like it could fall the rest of the way at any moment.,Security / Discipline,Medium
I saw someone trying to sell drugs behind the basketball courts. They were showing a small bag of pills to a group of younger students.,Security / Discipline,High
"The card reader at the entrance of the girls' dorm is broken. We have to leave the door propped open so people can get in, which means anyone can enter the building.",Security / Discipline,High
I’d like to report a case of harassment by a faculty member. They have been sending me inappropriate messages and implying that my grade depends on me meeting them outside of school.,Security / Discipline,High
"Someone is using the emergency exit as a regular door in the science building, and the alarm keeps going off every five minutes. It’s making it impossible to focus on the lecture.",Security / Discipline,Low
I witnessed a student being forced into a van near the edge of campus. The van was white and had no plates. It happened very fast and they were screaming.,Security / Discipline,High
"I’ve been trying to pay my semester tuition for three days now, but the portal keeps giving me a ""Server Error 500."" The payment deadline is today at 5:00 PM, and if I don't pay, I'll lose my enrollment and my scholarship. Please, I need a manual way to pay or an extension immediately.",Administration,High
"My name is spelled incorrectly on the official graduation list. It says ""Jonathon"" instead of ""Jonathan."" I’ve already submitted the correction form twice, but it still hasn't been updated on the portal.",Administration,Low
"I urgently need my official transcript for a visa interview that is happening tomorrow morning. I requested it two weeks ago and was told it would be ready by today, but the office says it’s still ""in process."" Without this document, my study abroad plans are ruined.",Administration,High
I’d like to suggest that the administration office stays open until 6:00 PM on Wednesdays. Many of us have labs all day and can never make it before you close at 4:30 PM.,Administration,Low
"My student portal shows that I owe a $500 ""Library Fee,"" but I haven't checked out a single book all year. I went to the library and they confirmed I owe nothing, so this must be an administrative error on my account.",Administration,Medium
"I’m trying to register for my final year electives, but the system says I haven't completed the prerequisites for ""Advanced AI,"" even though I passed the introductory course last semester with an A. The registration window closes in two hours and the class is almost full.",Administration,High
I submitted my application for the work-study program over a month ago and haven't heard anything back. Most of my friends already have their assignments. Could someone please check if my application was even received?,Administration,Medium
"The ""Contact Us"" form on the university website is broken. Every time I hit submit, the page just refreshes and clears all my text. It's very frustrating when trying to reach out for help.",Administration,Low
"I was told my scholarship would be disbursed by the first week of the month. It’s now the third week, and I don't have enough money to pay my rent or buy groceries. I need to know exactly when the funds will be released.",Administration,High
I’ve noticed that the degree audit tool in the portal is very confusing. It says I’m missing a core credit that doesn't exist in my curriculum handbook. A simple guide on how to read the audit would be very helpful.,Administration,Low
"My student ID card has been blocked for ""administrative reasons,"" but nobody can tell me why. I can't get into the lab, the library, or the dining hall. I feel like I'm being locked out of the university I pay for.",Administration,Medium
"I just received an email saying I’ve been withdrawn from the university for non-attendance, but I have attended every single lecture. There must be a massive mistake in the digital roll-call system. Please fix this before my parents see the notification!",Administration,High
The printer in the self-service admin kiosk is out of ink again. I’m trying to print my enrollment certificate for a bank loan and I can't wait until Monday for a refill.,Administration,Low
I’ve been waiting in the queue at the Registrar’s office for three hours. There is only one person working at the desk while five others are visible in the back just chatting. This is a total lack of respect for student time.,Administration,Medium
My transfer credits from my previous university still haven't appeared on my record after four months. This is preventing me from enrolling in upper-level courses. I’ve sent the syllabus three times now.,Administration,Medium
I’m an international student and my I-20 form has a mistake in the funding section. I have my flight in two days and I cannot clear customs with an incorrect document. This is a critical error that needs to be fixed today.,Administration,High
Can we get a digital version of the student handbook? The physical copies are heavy and most of us just end up losing them anyway.,Administration,Low
"The refund for my canceled housing contract hasn't been processed yet. It's been 60 days, and the policy says it should take 30. I really need that money back for my current living expenses.",Administration,Medium
I witnessed a staff member at the front desk being extremely dismissive and rude to a student who was struggling with a language barrier. It was very unprofessional and didn't reflect well on our campus values.,Administration,Medium
"Is there a way to update my emergency contact information online? Currently, the portal says I have to come to the office in person, which seems a bit outdated for 2026.",Administration,Low
"My minor in Psychology is not showing up on my graduation application. I have completed all the requirements, but the system only lists my Major. I don't want to graduate with an incomplete degree.",Administration,Medium
"I am receiving a ""Hold"" on my account for a medical immunization record that I already uploaded three times. I can't register for classes until this hold is removed.",Administration,Medium
"I’m trying to change my major from Biology to Chemistry, but the advisor says the ""Admin Department"" hasn't processed the paperwork I signed two months ago. Now the Chemistry classes are all full.",Administration,Medium
"I think the deadline for the ""Late Drop"" should be extended. With the flu going around, many of us missed the original date because we were too sick to even get out of bed.",Administration,Low
I just found out that my financial aid was reduced by 50% without any prior notice. I can't afford the remaining balance and I’ll have to drop out this week if this isn't corrected.,Administration,High
"The university calendar says that Monday is a holiday, but my professor says we have an exam. Who is right? There is zero consistency in the communications we are getting.",Administration,Medium
"I need a letter confirming my student status for my health insurance provider. Is there an automated way to generate this, or do I have to wait for someone to type it up manually?",Administration,Low
My student email has been deactivated without warning. I have all my project files and communication with recruiters in that inbox. I need access restored immediately.,Administration,High
"There is a mistake in the grading for my Senior Project. The professor says they submitted a ""B,"" but the portal shows a ""D."" He told me it's an ""Admin entry error"" and that I need to talk to you.",Administration,Medium
I’d like to request a change of my student advisor. My current one never replies to emails and has missed our last three scheduled Zoom appointments.,Administration,Low
"I accidentally paid my fees twice because the website froze and I refreshed the page. Now I have a negative balance of $4,000. I need this money back in my bank account as soon as possible.",Administration,High
"The queue system in the admin building is broken. The numbers on the screen don't match the tickets people are holding, and everyone is just shouting over each other.",Administration,Medium
Can the university start accepting Apple Pay for on-campus admin fees? Carrying around exact change for transcript copies is very inconvenient.,Administration,Low
"I was overcharged for my graduation gown rental. I returned it on time, but the system says I was three days late and charged me a $100 penalty.",Administration,Low
"I need to report a breach of confidentiality. My private medical records were accidentally emailed to the entire ""Student Body"" listserv by an admin assistant. This is a massive violation of my privacy.",Administration,High
"The online portal for ""Study Abroad"" applications is incredibly slow. It takes five minutes to load a single page, and then it often times out and loses all my progress.",Administration,Low
"I’m trying to apply for a student loan, but the bank says the university hasn't verified my enrollment status despite multiple requests from their side. The deadline for the loan is tomorrow.",Administration,High
"I’ve been waiting for my replacement student ID for three weeks. I have to get a ""temporary pass"" every single morning, which is a waste of time for both me and the security guards.",Administration,Medium
"The policy regarding ""Incomplete"" grades is very vague. Can someone please clarify if I have one semester or one year to finish the work before it turns into an F?",Administration,Low
"I just found out my name isn't on the list for the upcoming career fair, even though I registered and paid the entrance fee. I have an interview scheduled there and I need to be let in.",Administration,High
"My parent's access to the ""Gusest Portal"" isn't working. They are trying to help me with my financial planning but they can't see the billing statements.",Administration,Low
"I’m being charged for a meal plan that I specifically opted out of during registration. I have the confirmation email proving I chose the ""No Meal Plan"" option.",Administration,Medium
The Dean's List certificates were mailed to my old address even though I updated my current one on the portal months ago. Now my documents are lost in the mail.,Administration,Low
"I’m an athlete and I need my ""Eligibility Certificate"" by noon today to play in the tournament tonight. Admin said they would sign it yesterday but it’s still sitting on someone's desk.",Administration,High
There are several typos in the official University Commencement Program. It’s very embarrassing to have misspelled names and titles for such a formal event.,Administration,Low
"I received an ""Academic Probation"" warning, but my GPA is 3.8. There is clearly a glitch in the data processing for the Faculty of Engineering. This is causing me a lot of unnecessary stress.",Administration,High
"Can we get a clearer map of the administrative building? Finding the ""Student Accounts"" window is like trying to navigate a maze.",Administration,Low
"The Wi-Fi in the admin lobby is non-existent. Since we have to wait there for hours, it would be nice to at least be able to do some homework while we sit.",Administration,Low
"I missed the deadline to apply for my teaching assistantship because the portal was down for ""maintenance"" the entire final day. This wasn't announced beforehand.",Administration,Medium
"My change of address hasn't been processed, so my tax forms were sent to a house I moved out of a year ago. I am very worried about my social security number being exposed.",Administration,High
"I’d like to know if there are any grants available for students who are attending international conferences. The website mentions ""Funding,"" but the link is dead.",Administration,Low
My diploma arrived in the mail today and it is bent and creased because it was shoved into a small envelope. I paid $50 for this and expected it to be handled with care.,Administration,Medium
I am currently in the registrar's office and they are refusing to let me speak to a supervisor even though the clerk has made a major error on my file. I’m not leaving until this is resolved.,Administration,Medium
"The system won't let me register for my capstone project because it says I'm not a ""Senior,"" but I have 95 credits. I need someone to manualy override my status so I can graduate on time.",Administration,High
"Why is there a fee for ""Transcript Verification""? Most other universities provide this for free as part of their student services. It feels like we are being nickel-and-dimed for everything.",Administration,Low
I was dropped from my Nursing clinicals because the admin office lost my CPR certification card. I gave them the original and now they say they never saw it. I can't finish my degree without those hours.,Administration,High
I’d like to suggest that the university uses a more modern platform for course registration. The current 90s-style interface is incredibly hard to use on mobile devices.,Administration,Low
"My financial aid counselor has been changed four times this semester. Every time I get a new one, I have to re-explain my entire financial situation from scratch. It’s exhausting.",Administration,Medium
"I accidentally clicked ""Withdraw from University"" instead of ""Withdraw from Course."" I need this undone immediately before my visa is revoked and I'm forced to leave the country.",Administration,High
"The ""Course Catalog"" for next year still isn't available, and we are supposed to start picking our classes next week. How are we supposed to plan our schedules?",Administration,Medium
I found a bug in the student portal that allows me to see other people's grades. This is a huge security flaw and needs to be fixed before someone with bad intentions finds it.,Administration,High
"I’m trying to apply for the ""Hardship Fund,"" but the application requires a signature from a person who is currently on sabbatical. Is there an alternative signer?",Administration,Medium
I’d like to report that the admin office is frequently closing 15 minutes earlier than the posted time. I got there at 4:15 yesterday and the doors were already locked.,Administration,Low
"My parking permit was mailed to the wrong dorm. Someone else now has a permit that I paid $200 for, and I’m getting tickets for parking without one.",Administration,Medium
"I’ve been trying to call the financial aid office for two hours and the line is just busy. Do you only have one phone line for 20,000 students?",Administration,Low
"I’m a veteran and my GI Bill benefits haven't been certified by the university yet. The VA says they are waiting on you. If this isn't done by Friday, I won't get my housing allowance.",Administration,High
"There is a mistake in the room assignment for my mid-term exam. The portal says Room 302, but the professor says Room 105. Half the class is going to go to the wrong place.",Administration,Medium
I’d like to request a formal letter of recommendation from the Dean’s office for a prestigious internship. What is the standard procedure for this?,Administration,Low
"My ""Statement of Account"" is completely unreadable. It’s just a list of codes like ""FEE_01"" and ""AD_99"" with no explanation of what I’m actually paying for.",Administration,Low
"I am trapped in a loop between the Department head and the Admin office. Each says the other is responsible for signing my ""Overload Request."" My class starts in an hour and I’m not on the list.",Administration,High
"I was charged a ""Late Registration Fee"" even though I registered on the very first day. The system time-stamp is clearly wrong.",Administration,Low
"I need a copy of my 1098-T form for my taxes. The portal says it’s ""available,"" but when I click the link, nothing happens. My tax deadline is this weekend.",Administration,Medium
"I suspect that my scholarship was revoked by mistake. I still meet all the GPA and credit requirements, but my account shows I’m now paying the ""Out-of-State"" rate.",Administration,High
"Can the university provide a more detailed breakdown of where our ""General Student Fee"" goes? It’s a lot of money and we don't see much benefit from it.",Administration,Low
"My student email is being flooded with ""Admin Notifications"" for events I never signed up for. Is there a way to opt out of these mass emails?",Administration,Low
"I was promised a tuition waiver for my research assistant position, but I just got a bill for the full amount. My supervisor is out of the country and I can't reach them to verify.",Administration,High
"The ""Student Success"" portal is anything but. It has crashed three times while I was trying to upload my mandatory advising worksheet.",Administration,Low
I need to change my legal name in the system following my marriage. I have all the court documents ready. Can I do this via email or do I have to come in?,Administration,Low
"I missed my chance to study abroad in Japan because the admin office took six weeks to sign a simple ""Good Standing"" form. By the time I got it, the program was full. I am extremely disappointed.",Administration,High
"My transcript shows an ""F"" for a class I dropped during the ""Add/Drop"" period. I have the confirmation number from the day I dropped it. This is going to ruin my grad school applications.",Administration,High
"The ""Forgot Password"" link on the student portal isn't sending any emails. I’ve checked my spam and my alternate email. I’m locked out of my homework assignments.",Administration,Medium
"I’d like to suggest that the university uses a more eco-friendly paper for its mass mailings. Or better yet, stop mailing us physical letters for things that could be an email.",Administration,Low
"I’m being blocked from graduation because of a $5 ""Late Fee"" from three years ago that I was never told about. This is ridiculous. I’ve already paid $80,000 in tuition.",Administration,Medium
"My ""Letter of Completion"" has the wrong graduation date on it. My employer needs the correct date to start my contract next week. Please re-issue it today.",Administration,High
"The staff at the records office are taking their lunch break all at the same time, leaving the desk unattended for an hour. There is a huge line forming.",Administration,Low
"I applied for a ""Course Waiver"" based on my professional experience. It’s been three months and I still don't have an answer. I need to know if I have to take this class or not.",Administration,Medium
My Pell Grant disappeared from my financial aid package overnight. I haven't changed my status or my income. I need to know what happened to my funding.,Administration,High
Is there a way to get my student ID photo changed? The one I have is from four years ago and I don't even look like that person anymore.,Administration,Low
"I received a bill for ""Damaged Property"" in my dorm, but I haven't lived in that dorm for two years. The admin office has clearly mixed up my student ID with someone else's.",Administration,Medium
"I am being charged ""In-State"" tuition even though I am an international student. I don't want to get in trouble later for a mistake the university made, so I’m reporting it now.",Administration,Medium
"I need an emergency loan to cover my medical bills after a car accident. I saw there is an ""Emergency Fund"" on the website. Who is the specific admin person I need to speak to?",Administration,High
"The ""Class Schedule"" search tool is down, and I need to find the room number for my 9:00 AM class. It’s 8:50 AM and I’m just standing in the quad lost.",Administration,Medium
"My work-study paycheck was short by 10 hours this week. My supervisor says he approved all my hours, so the error must be in the payroll processing.",Administration,Medium
"I was overcharged for my orientation fee. I’m a transfer student and I was told the fee would be waived, but it was still added to my bill.",Administration,Low
"I need a ""Certificate of English Proficiency"" for an internship in the UK. Does the administration provide this based on our grades, or do I have to take an external test?",Administration,Low
"My ""Enrollment Verification"" was sent to the wrong insurance company. Now my health coverage is being canceled because they think I’m no longer a student.",Administration,High
The graduation fee is $150. Can someone explain why it costs so much just to get a piece of paper that we already earned?,Administration,Low
"I’m trying to add a second major, but the system says I’ve exceeded the ""Maximum Credit Limit."" I need an administrative override to continue my studies.",Administration,Medium
"I lost my ""Financial Aid Award Letter"" and I need it for a housing application today. Can I come by and get a stamped copy immediately?",Administration,Medium
"My degree was mailed to my parents' house and the mailman left it in the rain. It’s completely ruined. Since this was an admin choice to mail it without protection, will I get a free replacement?",Administration,Medium
